#pragma once

#include "../PL460Firmware.h"

namespace pl460 {

static const uint8_t plc_phy_mm[] PL460_FIRMWARE_STORAGE = {
  0x00, 0x80, 0x01, 0x20, 0xbd, 0x6a, 0x00, 0x00, 0xc1, 0x6a, 0x00, 0x00,
  0xc1, 0x6a, 0x00, 0x00, 0xc1, 0x6a, 0x00, 0x00, 0xc1, 0x6a, 0x00, 0x00,
  0xc1, 0x6a, 0x00, 0x00, 0x00, 0x00, 0x00, 0x00, 0x00, 0x00, 0x00, 0x00,
  0x00, 0x00, 0x00, 0x00, 0x00, 0x00, 0x00, 0x00, 0xc1, 0x6a, 0x00, 0x00,
  0xc1, 0x6a, 0x00, 0x00, 0x00, 0x00, 0x00, 0x00, 0xc1, 0x6a, 0x00, 0x00,
  0xc1, 0x6a, 0x00, 0x00, 0xc1, 0x6a, 0x00, 0x00, 0x00, 0x00, 0x00, 0x00,
  0xc1, 0x6a, 0x00, 0x00, 0x00, 0x00, 0x00, 0x00, 0xc1, 0x6a, 0x00, 0x00,
  0xc1, 0x6a, 0x00, 0x00, 0xc9, 0x2f, 0x00, 0x00, 0xc1, 0x6a, 0x00, 0x00,
  0x41, 0x59, 0x00, 0x00, 0x2d, 0x0c, 0x00, 0x00, 0xc1, 0x6a, 0x00, 0x00,
  0xc1, 0x6a, 0x00, 0x00, 0xe9, 0x2f, 0x00, 0x00, 0xbd, 0x33, 0x00, 0x00,
  0x91, 0x31, 0x00, 0x00, 0x21, 0x46, 0x00, 0x00, 0x00, 0x00, 0x00, 0x00,
  0x15, 0x20, 0x00, 0x00, 0xc1, 0x6a, 0x00, 0x00, 0x00, 0x00, 0x00, 0x00,
  0x00, 0x00, 0x00, 0x00, 0xc1, 0x6a, 0x00, 0x00, 0xc1, 0x6a, 0x00, 0x00,
  0xc1, 0x6a, 0x00, 0x00, 0x30, 0xb5, 0x81, 0xb0, 0x00, 0xf0, 0xad, 0xfe,
  0x01, 0xf0, 0x01, 0xf8, 0x04, 0x46, 0x0e, 0x20, 0x01, 0xf0, 0xd9, 0xf8,
  0x05, 0x46, 0x0e, 0x20, 0x01, 0xf0, 0xaa, 0xf8, 0x72, 0xb6, 0xbf, 0xf3,
  0x5f, 0x8f, 0xdf, 0xf8, 0x1c, 0x0b, 0x01, 0x68, 0x41, 0xf4, 0x80, 0x71,
  0x01, 0x60, 0xbf, 0xf3, 0x5f, 0x8f, 0x62, 0xb6, 0x15, 0xb9, 0x0e, 0x20,
  0x01, 0xf0, 0xb0, 0xf8, 0x24, 0xb1, 0x4f, 0xf4, 0x80, 0x40, 0xdf, 0xf8,
  0x00, 0x1b, 0x08, 0x60, 0x01, 0xb0, 0x30, 0xbd, 0x10, 0xb5, 0x04, 0x46,
  0x11, 0x20, 0x01, 0xf0, 0xa3, 0xf8, 0xdf, 0xf8, 0xf0, 0x0a, 0x01, 0x21,
  0x80, 0xf8, 0x49, 0x11, 0xb0, 0xf8, 0x50, 0x21, 0x23, 0x0a, 0x21, 0x0c,
  0x10, 0x44, 0x80, 0xf8, 0x38, 0x40, 0x24, 0x0e, 0x80, 0xf8, 0x39, 0x30,
  0x80, 0xf8, 0x3a, 0x10, 0x80, 0xf8, 0x3b, 0x40, 0x10, 0xbd, 0x00, 0x00,
  0xf0, 0xb5, 0xdf, 0xf8, 0xc4, 0x4a, 0x81, 0xb0, 0x94, 0xf8, 0x4c, 0x01,
  0x00, 0x28, 0x41, 0xd0, 0x40, 0x1e, 0x84, 0xf8, 0x4c, 0x01, 0xc0, 0xb2,
  0x60, 0xb9, 0x4f, 0xf0, 0x80, 0x40, 0x00, 0x21, 0xc0, 0xf8, 0xb8, 0x10,
  0x02, 0x68, 0xdf, 0xf8, 0xa4, 0x3a, 0x42, 0xf0, 0x04, 0x02, 0x02, 0x60,
  0x40, 0x20, 0x18, 0x60, 0xd4, 0xf8, 0x60, 0x21, 0x94, 0xf8, 0x4b, 0x31,
  0x14, 0x21, 0x02, 0xeb, 0xc3, 0x15, 0x05, 0xf5, 0x26, 0x70, 0x01, 0xf0,
  0x9b, 0xf8, 0xd4, 0xe9, 0x00, 0x67, 0x00, 0x21, 0x30, 0x18, 0x94, 0xf8,
  0x4c, 0x21, 0x79, 0x41, 0xc4, 0xe9, 0x00, 0x01, 0x7a, 0xb9, 0x01, 0xf0,
  0xb9, 0xf8, 0x00, 0xee, 0x10, 0x0a, 0xdf, 0xed, 0xc9, 0x0a, 0x20, 0xee,
  0x20, 0x0a, 0x01, 0xf0, 0xd5, 0xf8, 0x01, 0xf0, 0xe3, 0xf8, 0xbc, 0xee,
  0xc0, 0x0a, 0x84, 0xed, 0x0a, 0x0a, 0x94, 0xf8, 0x4b, 0x01, 0x40, 0x1c,
  0x84, 0xf8, 0x4b, 0x01, 0xc0, 0xb2, 0x03, 0x28, 0x04, 0xbf, 0x00, 0x20,
  0x84, 0xf8, 0x4b, 0x01, 0x01, 0xb0, 0xf0, 0xbd, 0x2d, 0xe9, 0xe0, 0x44,
  0xdf, 0xf8, 0x28, 0x7a, 0x47, 0xf6, 0xff, 0x72, 0xd7, 0xf8, 0x6c, 0x61,
  0xd7, 0xf8, 0x70, 0xa1, 0x00, 0x21, 0x00, 0x23, 0x00, 0x25, 0x70, 0x08,
  0xe2, 0xfb, 0x0a, 0x01, 0x32, 0x46, 0x01, 0xf0, 0xdb, 0xf8, 0x00, 0x28,
  0x4f, 0xf4, 0x9c, 0x61, 0x41, 0xf2, 0x9d, 0x72, 0x4e, 0xf6, 0x62, 0x03,
  0x48, 0xbf, 0x40, 0x1e, 0x00, 0x04, 0x78, 0x63, 0x00, 0x14, 0x11, 0xfb,
  0x00, 0xf1, 0x12, 0xfb, 0x00, 0xf2, 0x43, 0x43, 0x09, 0x14, 0x39, 0x81,
  0x4f, 0xf4, 0x69, 0x51, 0x11, 0xfb, 0x00, 0xf1, 0x12, 0x14, 0x7a, 0x81,
  0x46, 0xf2, 0x83, 0x72, 0x12, 0xfb, 0x00, 0xf2, 0x1b, 0x14, 0x09, 0x14,
  0xb9, 0x81, 0x49, 0xf6, 0x7c, 0x01, 0x41, 0x43, 0x12, 0x14, 0xfa, 0x81,
  0x4c, 0xf2, 0xbf, 0x52, 0x42, 0x43, 0x09, 0x14, 0x39, 0x82, 0x4f, 0xf6,
  0x1f, 0x31, 0x48, 0x43, 0x12, 0x14, 0x7a, 0x82, 0xbb, 0x82, 0x4f, 0xf0,
  0xff, 0x33, 0x00, 0x14, 0xf8, 0x82, 0xb7, 0xf9, 0x10, 0x20, 0xb7, 0xf9,
  0x0e, 0x00, 0x12, 0x1a, 0x12, 0x04, 0xba, 0x61, 0xb7, 0xf9, 0x12, 0x10,
  0xb7, 0xf9, 0x0c, 0x00, 0xdf, 0xf8, 0x90, 0x29, 0x09, 0x1a, 0x09, 0x04,
  0xf9, 0x61, 0xb7, 0xf9, 0x14, 0x10, 0xb7, 0xf9, 0x0a, 0x00, 0x09, 0x1a,
  0x09, 0x04, 0x39, 0x62, 0xb7, 0xf9, 0x16, 0x10, 0xb7, 0xf9, 0x08, 0x00,
  0x09, 0x1a, 0x09, 0x04, 0x79, 0x62, 0xa2, 0xfb, 0x0a, 0x01, 0x03, 0xfb,
  0x0a, 0x11, 0x32, 0x46, 0x10, 0xeb, 0x56, 0x00, 0x69, 0x41, 0x00, 0x23,
  0x01, 0xf0, 0x7e, 0xf8, 0x00, 0x28, 0x48, 0xbf, 0x40, 0x1e, 0x00, 0x04,
  0xb8, 0x63, 0xbd, 0xe8, 0xe0, 0x84, 0x00, 0x00, 0x2d, 0xe9, 0xf0, 0x47,
  0x04, 0x46, 0x10, 0x46, 0xdf, 0xf8, 0x34, 0x29, 0x0b, 0x46, 0xd2, 0xf8,
  0x60, 0x81, 0x21, 0x00, 0x08, 0xeb, 0xc3, 0x17, 0x0d, 0xd1, 0x19, 0x00,
  0xb9, 0x46, 0x0c, 0xbf, 0x80, 0x21, 0x00, 0x21, 0x08, 0xeb, 0x01, 0x0c,
  0x00, 0x28, 0x14, 0xbf, 0xdf, 0xf8, 0x18, 0x19, 0x47, 0xf6, 0xff, 0x71,
  0x18, 0xe0, 0x19, 0x00, 0x08, 0xf5, 0x80, 0x7c, 0x07, 0xf5, 0x80, 0x79,
  0x1a, 0xbf, 0x59, 0x1e, 0xc9, 0x01, 0x4f, 0xf4, 0x80, 0x71, 0x02, 0x2c,
  0x8c, 0x44, 0xeb, 0xd1, 0xd2, 0xf8, 0x74, 0x11, 0x40, 0xb1, 0x47, 0xf6,
  0xff, 0x70, 0x81, 0x42, 0x14, 0xbf, 0x01, 0x46, 0xdf, 0xf8, 0xe4, 0x18,
  0x01, 0x20, 0x06, 0xe0, 0xd2, 0xf8, 0x74, 0x01, 0x81, 0x42, 0x01, 0xd0,
  0x01, 0x20, 0x00, 0xe0, 0x00, 0x20, 0x00, 0x29, 0xc2, 0xf8, 0x74, 0x11,
  0x4c, 0xbf, 0x4f, 0xf0, 0x04, 0x0e, 0x4f, 0xf0, 0x00, 0x0e, 0x96, 0x44,
  0x00, 0x25, 0xde, 0xf8, 0x34, 0xe0, 0xf2, 0x46, 0x50, 0xb1, 0x04, 0x2d,
  0x08, 0xda, 0x02, 0xf1, 0x18, 0x0a, 0x00, 0x29, 0x5a, 0xf8, 0x25, 0xa0,
  0xd8, 0xbf, 0xca, 0xf1, 0x00, 0x0a, 0x00, 0xbf, 0xc9, 0xf8, 0x00, 0xa0,
  0x6d, 0x1c, 0xf2, 0x46, 0x48, 0xb1, 0x04, 0x2d, 0x07, 0xda, 0x02, 0xf1,
  0x18, 0x0a, 0x00, 0x29, 0x5a, 0xf8, 0x25, 0xa0, 0xd8, 0xbf, 0xca, 0xf1,
  0x00, 0x0a, 0x6d, 0x1c, 0xc9, 0xf8, 0x04, 0xa0, 0x20, 0x2d, 0x09, 0xf1,
  0x08, 0x09, 0xdc, 0xdb, 0x4c, 0xb9, 0xf8, 0x68, 0xb9, 0x68, 0x38, 0x67,
  0x78, 0x68, 0x3a, 0x68, 0x79, 0x67, 0xb8, 0x67, 0xfa, 0x67, 0xbd, 0xe8,
  0xf0, 0x87, 0x50, 0xb3, 0x00, 0x2b, 0x08, 0xf5, 0x80, 0x70, 0x1a, 0xbf,
  0x5e, 0x1e, 0xf6, 0x01, 0x4f, 0xf4, 0x80, 0x76, 0x00, 0xeb, 0x06, 0x0c,
  0x50, 0x6a, 0xdc, 0xf8, 0x40, 0x10, 0x00, 0x29, 0x0b, 0xdd, 0xcc, 0xf8,
  0x70, 0x00, 0x10, 0x6a, 0xcc, 0xf8, 0x74, 0x00, 0xd1, 0x69, 0xcc, 0xf8,
  0x78, 0x10, 0x90, 0x69, 0xcc, 0xf8, 0x7c, 0x00, 0x1d, 0xe0, 0x40, 0x42,
  0xcc, 0xf8, 0x70, 0x00, 0x11, 0x6a, 0x49, 0x42, 0xcc, 0xf8, 0x74, 0x10,
  0xd0, 0x69, 0x40, 0x42, 0xcc, 0xf8, 0x78, 0x00, 0x91, 0x69, 0x49, 0x42,
  0xcc, 0xf8, 0x7c, 0x10, 0x0d, 0xe0, 0x92, 0xf8, 0x4a, 0x01, 0x01, 0x28,
  0x09, 0xd1, 0x07, 0xf5, 0x80, 0x70, 0x91, 0x69, 0x01, 0x60, 0xd3, 0x69,
  0x43, 0x60, 0x14, 0x6a, 0x84, 0x60, 0x51, 0x6a, 0xc1, 0x60, 0xb2, 0xf8,
  0x52, 0x01, 0xb2, 0xf8, 0x54, 0x11, 0x88, 0x42, 0x18, 0xd1, 0xdc, 0xf8,
  0x40, 0x30, 0x07, 0xf5, 0x80, 0x70, 0x51, 0x6a, 0x00, 0x2b, 0x06, 0xdd,
  0x01, 0x67, 0x13, 0x6a, 0x43, 0x67, 0xd1, 0x69, 0x81, 0x67, 0x92, 0x69,
  0x09, 0xe0, 0x49, 0x42, 0x01, 0x67, 0x13, 0x6a, 0x5b, 0x42, 0x43, 0x67,
  0xd1, 0x69, 0x49, 0x42, 0x81, 0x67, 0x92, 0x69, 0x52, 0x42, 0xc2, 0x67,
  0xbd, 0xe8, 0xf0, 0x87, 0xf0, 0xb4, 0xdf, 0xf8, 0x9c, 0x47, 0x01, 0x23,
  0xb4, 0xf8, 0x56, 0x51, 0x20, 0x2d, 0x0c, 0xda, 0xaa, 0x08, 0x05, 0xf0,
  0xf8, 0x07, 0x05, 0xeb, 0x52, 0x76, 0xf6, 0x08, 0xa5, 0xeb, 0xc6, 0x00,
  0x83, 0x40, 0xdf, 0xf8, 0x88, 0x07, 0xf8, 0x40, 0x03, 0xe0, 0xa5, 0xf1,
  0x20, 0x02, 0x93, 0x40, 0x33, 0x20, 0x4a, 0xf6, 0xab, 0x26, 0x94, 0xf8,
  0x4a, 0x21, 0x6e, 0x43, 0x03, 0x40, 0x76, 0x0c, 0x06, 0xeb, 0x46, 0x06,
  0x52, 0x1c, 0x84, 0xf8, 0x4a, 0x21, 0xda, 0xb2, 0xa9, 0x1b, 0x6d, 0x1c,
  0x52, 0x1e, 0x92, 0x41, 0xa4, 0xf8, 0x56, 0x51, 0xd2, 0x43, 0xd2, 0x0f,
  0xc9, 0xb2, 0x01, 0x20, 0xf0, 0xbc, 0xfd, 0xe6, 0x00, 0x00, 0x00, 0x3d,
  0x2d, 0xe9, 0xf0, 0x43, 0x04, 0x46, 0xdf, 0xf8, 0x30, 0x57, 0x95, 0xf8,
  0x47, 0x01, 0x81, 0xb0, 0x20, 0xb1, 0x00, 0x21, 0x0c, 0x26, 0x85, 0xf8,
  0x47, 0x11, 0x16, 0xe0, 0x95, 0xf8, 0x41, 0x01, 0x05, 0x28, 0x0e, 0xd1,
  0x95, 0xf8, 0x40, 0x11, 0xa8, 0x6a, 0x01, 0x26, 0x01, 0xf0, 0xc3, 0xf8,
  0x01, 0xf0, 0xab, 0xf9, 0x95, 0xf8, 0x40, 0x11, 0x81, 0x42, 0x06, 0xd2,
  0x85, 0xf8, 0x44, 0x61, 0x03, 0xe0, 0x06, 0x28, 0x0c, 0xbf, 0x05, 0x26,
  0x0b, 0x26, 0x0e, 0x20, 0x00, 0xf0, 0x9e, 0xfe, 0x95, 0xf8, 0x41, 0x01,
  0x98, 0xb3, 0x00, 0xf0, 0xd2, 0xfd, 0x80, 0x46, 0x0e, 0x20, 0x00, 0xf0,
  0xaa, 0xfe, 0x81, 0x46, 0x0e, 0x20, 0x00, 0xf0, 0x7b, 0xfe, 0xdf, 0xf8,
  0xdc, 0x06, 0x07, 0x68, 0x3f, 0x0e, 0x07, 0xf0, 0x01, 0x07, 0xb9, 0xf1,
  0x00, 0x0f, 0x04, 0xbf, 0x0e, 0x20, 0x00, 0xf0, 0x85, 0xfe, 0xb8, 0xf1,
  0x00, 0x0f, 0x04, 0xd0, 0x4f, 0xf4, 0x80, 0x40, 0xdf, 0xf8, 0xa4, 0x16,
  0x08, 0x60, 0xa7, 0xb9, 0x00, 0x22, 0x85, 0xf8, 0x41, 0x21, 0x01, 0xf0,
  0x04, 0xfc, 0x40, 0x1e, 0x80, 0x41, 0xc0, 0x0f, 0x85, 0xf8, 0x30, 0x60,
  0x85, 0xf8, 0x31, 0x00, 0x05, 0xf1, 0x28, 0x00, 0xec, 0x62, 0xd5, 0xf8,
  0x78, 0x11, 0x01, 0xb0, 0xbd, 0xe8, 0xf0, 0x43, 0x08, 0x47, 0x01, 0xb0,
  0xbd, 0xe8, 0xf0, 0x83, 0x2d, 0xe9, 0xf0, 0x41, 0x04, 0x46, 0x0e, 0x20,
  0x00, 0xf0, 0x5e, 0xfe, 0xdf, 0xf8, 0x64, 0x56, 0x95, 0xf8, 0x41, 0x01,
  0x88, 0xb3, 0x00, 0xf0, 0x90, 0xfd, 0x06, 0x46, 0x0e, 0x20, 0x00, 0xf0,
  0x68, 0xfe, 0x80, 0x46, 0x0e, 0x20, 0x00, 0xf0, 0x39, 0xfe, 0xdf, 0xf8,
  0x58, 0x06, 0x07, 0x68, 0x3f, 0x0e, 0x07, 0xf0, 0x01, 0x07, 0xb8, 0xf1,
  0x00, 0x0f, 0x04, 0xbf, 0x0e, 0x20, 0x00, 0xf0, 0x43, 0xfe, 0x26, 0xb1,
  0x4f, 0xf4, 0x80, 0x40, 0xdf, 0xf8, 0x24, 0x16, 0x08, 0x60, 0xa7, 0xb9,
  0x00, 0x22, 0x85, 0xf8, 0x41, 0x21, 0x01, 0xf0, 0xc4, 0xfb, 0x40, 0x1e,
  0x80, 0x41, 0xc0, 0x0f, 0xec, 0x62, 0x85, 0xf8, 0x31, 0x00, 0x03, 0x20,
  0x85, 0xf8, 0x30, 0x00, 0x05, 0xf1, 0x28, 0x00, 0xd5, 0xf8, 0x78, 0x11,
  0xbd, 0xe8, 0xf0, 0x41, 0x08, 0x47, 0xbd, 0xe8, 0xf0, 0x81, 0x70, 0xb5,
  0xdf, 0xf8, 0xf0, 0x45, 0xdf, 0xf8, 0x00, 0x06, 0xc4, 0xf8, 0x6c, 0x01,
  0x01, 0xf0, 0xfd, 0xf8, 0x94, 0xf8, 0x40, 0x21, 0xdf, 0xf8, 0xf4, 0x15,
  0x31, 0xf8, 0x12, 0x30, 0x58, 0x43, 0xc4, 0xf8, 0x70, 0x01, 0x01, 0xf0,
  0x10, 0xf9, 0x94, 0xf8, 0x40, 0x11, 0x81, 0x42, 0x08, 0xd3, 0x29, 0x29,
  0x06, 0xda, 0x94, 0xf8, 0x44, 0x01, 0x18, 0xb9, 0x00, 0x21, 0x01, 0x20,
  0x01, 0xf0, 0x7a, 0xf8, 0xff, 0xf7, 0xc0, 0xfd, 0xd4, 0xf8, 0x74, 0x01,
  0xdf, 0xf8, 0xb0, 0x35, 0xd4, 0xf8, 0x60, 0x11, 0x98, 0x42, 0xa3, 0x6b,
  0x14, 0xbf, 0x01, 0x20, 0x00, 0x20, 0x0a, 0x46, 0x00, 0x25, 0x1e, 0x46,
  0x30, 0xb1, 0x04, 0x2d, 0x04, 0xda, 0x04, 0xf1, 0x18, 0x06, 0x56, 0xf8,
  0x25, 0x60, 0x76, 0x42, 0x16, 0x60, 0x6d, 0x1c, 0x1e, 0x46, 0x30, 0xb1,
  0x04, 0x2d, 0x04, 0xda, 0x04, 0xf1, 0x18, 0x06, 0x56, 0xf8, 0x25, 0x60,
  0x76, 0x42, 0x56, 0x60, 0x6d, 0x1c, 0x1e, 0x46, 0x30, 0xb1, 0x04, 0x2d,
  0x04, 0xda, 0x04, 0xf1, 0x18, 0x06, 0x56, 0xf8, 0x25, 0x60, 0x76, 0x42,
  0x96, 0x60, 0x6d, 0x1c, 0x1e, 0x46, 0x30, 0xb1, 0x04, 0x2d, 0x04, 0xda,
  0x04, 0xf1, 0x18, 0x06, 0x56, 0xf8, 0x25, 0x60, 0x76, 0x42, 0xd6, 0x60,
  0x10, 0x32, 0x6d, 0x1c, 0x20, 0x2d, 0xd0, 0xdb, 0xc8, 0x68, 0x8a, 0x68,
  0x08, 0x67, 0x48, 0x68, 0x4a, 0x67, 0x47, 0xf6, 0xff, 0x72, 0x88, 0x67,
  0x0b, 0x68, 0xcb, 0x67, 0x01, 0xf1, 0x80, 0x00, 0xc4, 0xf8, 0x74, 0x21,
  0x63, 0x6b, 0xa5, 0x69, 0x05, 0x60, 0xe2, 0x69, 0x42, 0x60, 0x26, 0x6a,
  0x86, 0x60, 0x62, 0x6a, 0xc2, 0x60, 0x00, 0xf1, 0x10, 0x02, 0x04, 0x25,
  0x13, 0x60, 0x2d, 0x1d, 0x53, 0x60, 0x93, 0x60, 0xd3, 0x60, 0x10, 0x32,
  0x20, 0x2d, 0xf7, 0xdb, 0xd1, 0xf8, 0x8c, 0x20, 0xd1, 0xf8, 0x88, 0x30,
  0xc1, 0xf8, 0xf0, 0x20, 0xd1, 0xf8, 0x84, 0x20, 0xc1, 0xf8, 0xf4, 0x30,
  0xc1, 0xf8, 0xf8, 0x20, 0x00, 0x68, 0xc1, 0xf8, 0xfc, 0x00, 0xff, 0xf7,
  0x99, 0xfe, 0xff, 0xf7, 0x97, 0xfe, 0xff, 0xf7, 0x95, 0xfe, 0x02, 0x20,
  0x84, 0xf8, 0x41, 0x01, 0x70, 0xbd, 0x70, 0xb5, 0xdf, 0xf8, 0xbc, 0x44,
  0x94, 0xf8, 0x48, 0x01, 0x60, 0xb1, 0x01, 0xf0, 0x17, 0xfb, 0x00, 0xf5,
  0x82, 0x50, 0x01, 0xf0, 0x2e, 0xfc, 0xff, 0x28, 0x04, 0xd0, 0x94, 0xf8,
  0x48, 0x21, 0x04, 0xf1, 0x3c, 0x01, 0x88, 0x54, 0x94, 0xf8, 0x46, 0x01,
  0x00, 0x28, 0x56, 0xd0, 0xb4, 0xf8, 0x50, 0x11, 0x05, 0x29, 0x52, 0xdb,
  0x94, 0xf8, 0x3c, 0x00, 0x94, 0xf8, 0x3d, 0x10, 0x80, 0xf0, 0xff, 0x00,
  0x84, 0xf8, 0x3c, 0x00, 0x94, 0xf8, 0x3e, 0x00, 0x81, 0xf0, 0xff, 0x01,
  0x84, 0xf8, 0x3d, 0x10, 0x94, 0xf8, 0x3f, 0x10, 0x80, 0xf0, 0xff, 0x00,
  0x84, 0xf8, 0x3e, 0x00, 0xdf, 0xf8, 0x7c, 0x04, 0x81, 0xf0, 0xff, 0x01,
  0x84, 0xf8, 0x3f, 0x10, 0x01, 0xf0, 0x50, 0xfc, 0x00, 0x20, 0x84, 0xf8,
  0x49, 0x01, 0x11, 0x20, 0x00, 0xf0, 0x38, 0xfd, 0xb4, 0xf8, 0x50, 0x01,
  0x01, 0x23, 0x04, 0xf1, 0x3c, 0x01, 0x02, 0x1f, 0x92, 0xb2, 0xdf, 0xf8,
  0x58, 0x04, 0x01, 0xf0, 0x47, 0xfc, 0x00, 0x21, 0x01, 0x22, 0x06, 0xe0,
  0x08, 0x46, 0x41, 0x1c, 0xb0, 0xf5, 0x7a, 0x7f, 0x08, 0xbf, 0x84, 0xf8,
  0x49, 0x21, 0x94, 0xf8, 0x49, 0x01, 0x00, 0x28, 0xf4, 0xd0, 0x94, 0xf8,
  0x3c, 0x10, 0x94, 0xf8, 0x3d, 0x00, 0x81, 0xf0, 0xff, 0x01, 0x84, 0xf8,
  0x3c, 0x10, 0x94, 0xf8, 0x3e, 0x10, 0x80, 0xf0, 0xff, 0x00, 0x84, 0xf8,
  0x3d, 0x00, 0x94, 0xf8, 0x3f, 0x00, 0x81, 0xf0, 0xff, 0x01, 0x84, 0xf8,
  0x3e, 0x10, 0x80, 0xf0, 0xff, 0x00, 0x84, 0xf8, 0x3f, 0x00, 0xb4, 0xf8,
  0x50, 0x61, 0xd4, 0xf8, 0x58, 0x51, 0x04, 0xf1, 0x3c, 0x01, 0x32, 0x46,
  0x28, 0x46, 0x01, 0xf0, 0x33, 0xfc, 0xa8, 0x19, 0x00, 0x21, 0x01, 0x70,
  0x01, 0xf0, 0x93, 0xfc, 0xb4, 0xf8, 0x50, 0x21, 0xd4, 0xf8, 0x5c, 0x11,
  0xd4, 0xf8, 0x58, 0x01, 0x52, 0x1c, 0x92, 0xb2, 0x01, 0xf0, 0x78, 0xfc,
  0xd4, 0xf8, 0x5c, 0x01, 0xb4, 0xf8, 0x50, 0x21, 0x06, 0x21, 0x00, 0xeb,
  0x42, 0x03, 0x98, 0x1c, 0x01, 0xf0, 0x86, 0xfc, 0x01, 0xf0, 0x88, 0xfc,
  0xb4, 0xf8, 0x50, 0x01, 0x40, 0x00, 0x08, 0x30, 0xa4, 0xf8, 0x4e, 0x01,
  0xb4, 0xf8, 0x4e, 0x11, 0xd4, 0xf8, 0x5c, 0x01, 0xc4, 0xf8, 0x64, 0x01,
  0x02, 0x20, 0xc9, 0x00, 0xa4, 0xf8, 0x54, 0x11, 0x01, 0xf0, 0x5e, 0xfd,
  0xc4, 0xf8, 0x68, 0x01, 0x20, 0x20, 0x00, 0x21, 0x84, 0xf8, 0x4c, 0x01,
  0x84, 0xf8, 0x4b, 0x11, 0xc4, 0xe9, 0x00, 0x11, 0x70, 0xbd, 0x70, 0xb5,
  0xdf, 0xf8, 0x5c, 0x53, 0x95, 0xf8, 0x41, 0x01, 0x02, 0x28, 0x04, 0xd0,
  0x76, 0xd3, 0x04, 0x28, 0x69, 0xd0, 0x2d, 0xd3, 0x70, 0xbd, 0xff, 0xf7,
  0xd3, 0xfd, 0x95, 0xf8, 0x4a, 0x11, 0x28, 0x29, 0x08, 0xd1, 0x03, 0x20,
  0x85, 0xf8, 0x41, 0x01, 0x02, 0x20, 0x01, 0xf0, 0x3b, 0xfd, 0xc5, 0xf8,
  0x68, 0x01, 0x70, 0xbd, 0xb5, 0xf8, 0x4e, 0x41, 0x00, 0x2c, 0x5f, 0xd0,
  0x29, 0x2c, 0xd5, 0xf8, 0x68, 0x11, 0xd5, 0xf8, 0x64, 0x01, 0xa8, 0xbf,
  0x28, 0x24, 0x22, 0x46, 0x01, 0xf0, 0x4c, 0xfc, 0xd5, 0xf8, 0x64, 0x11,
  0xd5, 0xf8, 0x68, 0x21, 0x21, 0x44, 0xc5, 0xf8, 0x64, 0x11, 0xb5, 0xf8,
  0x4e, 0x11, 0x10, 0x19, 0xc5, 0xf8, 0x68, 0x01, 0x0c, 0x1b, 0xa5, 0xf8,
  0x4e, 0x41, 0x70, 0xbd, 0xb5, 0xf8, 0x56, 0x11, 0x4a, 0xf6, 0xab, 0x23,
  0xb5, 0xf8, 0x52, 0x01, 0xd5, 0xf8, 0x68, 0x21, 0x4b, 0x43, 0x5c, 0x0c,
  0x04, 0xeb, 0x44, 0x04, 0x03, 0x46, 0x40, 0x1c, 0x02, 0xeb, 0xd3, 0x02,
  0xa5, 0xf8, 0x52, 0x01, 0x0c, 0x1b, 0x49, 0x1c, 0xa5, 0xf8, 0x56, 0x11,
  0x01, 0x21, 0x10, 0x78, 0x9a, 0x08, 0x03, 0xeb, 0x52, 0x76, 0xf6, 0x08,
  0xa3, 0xeb, 0xc6, 0x03, 0x01, 0xfa, 0x03, 0xf3, 0x03, 0x40, 0x5a, 0x1e,
  0x92, 0x41, 0xd2, 0x43, 0xd2, 0x0f, 0xe1, 0xb2, 0x02, 0x20, 0xff, 0xf7,
  0xaf, 0xfc, 0xb5, 0xf8, 0x52, 0x01, 0xb5, 0xf8, 0x54, 0x11, 0x88, 0x42,
  0x16, 0xd1, 0xb5, 0xf8, 0x56, 0x11, 0xe0, 0xb2, 0x01, 0xf0, 0xdd, 0xf8,
  0x00, 0x20, 0x04, 0x21, 0xa5, 0xf8, 0x52, 0x01, 0x85, 0xf8, 0x41, 0x11,
  0x70, 0xbd, 0xb5, 0xf8, 0x52, 0x01, 0x40, 0x1c, 0xa5, 0xf8, 0x52, 0x01,
  0x80, 0xb2, 0x03, 0x28, 0x04, 0xbf, 0x05, 0x20, 0x85, 0xf8, 0x41, 0x01,
  0x70, 0xbd, 0x01, 0x20, 0x97, 0x49, 0x81, 0xf8, 0x47, 0x01, 0xff, 0xf7,
  0x87, 0xbb, 0x10, 0xb5, 0x94, 0x4c, 0x00, 0x20, 0x84, 0xf8, 0x41, 0x01,
  0x01, 0x23, 0x84, 0xf8, 0x44, 0x01, 0x84, 0xf8, 0x45, 0x01, 0x84, 0xf8,
  0x47, 0x01, 0x0c, 0x20, 0x84, 0xf8, 0x46, 0x31, 0x01, 0xf0, 0xbc, 0xfc,
  0xc4, 0xf8, 0x58, 0x01, 0x0d, 0x20, 0x01, 0xf0, 0xb7, 0xfc, 0xc4, 0xf8,
  0x5c, 0x01, 0x00, 0x20, 0x01, 0xf0, 0xc3, 0xfc, 0xc4, 0xf8, 0x60, 0x01,
  0x00, 0xf0, 0x20, 0xff, 0x01, 0xf0, 0xd3, 0xf8, 0x8d, 0x48, 0x01, 0xf0,
  0xc8, 0xf9, 0x8d, 0x48, 0x01, 0xf0, 0xcb, 0xf9, 0x8c, 0x48, 0x01, 0xf0,
  0xd1, 0xf9, 0x8c, 0x48, 0x01, 0xf0, 0xd1, 0xf9, 0x8b, 0x48, 0x01, 0xf0,
  0xc5, 0xf9, 0x8b, 0x48, 0x01, 0xf0, 0xc5, 0xf9, 0x8a, 0x48, 0xbd, 0xe8,
  0x10, 0x40, 0x00, 0xf0, 0x01, 0xbb, 0x2d, 0xe9, 0xf0, 0x41, 0x05, 0x46,
  0x77, 0x4c, 0xa9, 0x79, 0x94, 0xf8, 0x45, 0x21, 0x01, 0xf0, 0x0c, 0x00,
  0x47, 0x1e, 0xbf, 0x41, 0xff, 0x0f, 0xcb, 0x06, 0x01, 0xf0, 0x01, 0x06,
  0x07, 0xd5, 0x8a, 0xb9, 0xff, 0xf7, 0x3c, 0xfb, 0x00, 0x20, 0x84, 0xf8,
  0x42, 0x01, 0xbd, 0xe8, 0xf0, 0x81, 0x94, 0xf8, 0x41, 0x01, 0x1a, 0xb1,
  0x0b, 0x25, 0x28, 0xb9, 0x00, 0x20, 0x44, 0xe0, 0x60, 0xb3, 0x04, 0x25,
  0x06, 0x28, 0x04, 0xd1, 0x00, 0x20, 0x84, 0xf8, 0x42, 0x01, 0xbd, 0xe8,
  0xf0, 0x81, 0x01, 0xf0, 0x80, 0xf9, 0x00, 0x28, 0xf6, 0xd0, 0x00, 0xf0,
  0x28, 0xfb, 0x06, 0x46, 0x0e, 0x20, 0x00, 0xf0, 0x00, 0xfc, 0x80, 0x46,
  0x0e, 0x20, 0x00, 0xf0, 0xd1, 0xfb, 0x62, 0x48, 0x07, 0x68, 0x3f, 0x0e,
  0x07, 0xf0, 0x01, 0x07, 0xb8, 0xf1, 0x00, 0x0f, 0x04, 0xbf, 0x0e, 0x20,
  0x00, 0xf0, 0xdc, 0xfb, 0x1e, 0xb1, 0x4f, 0xf4, 0x80, 0x40, 0x56, 0x49,
  0x08, 0x60, 0x00, 0x2f, 0xd4, 0xd1, 0x00, 0x20, 0x84, 0xf8, 0x42, 0x01,
  0xbd, 0xe8, 0xf0, 0x81, 0x62, 0x4a, 0x10, 0x68, 0xc0, 0x04, 0x03, 0xd5,
  0x30, 0x00, 0x08, 0xbf, 0x05, 0x25, 0x05, 0xd0, 0xa8, 0x88, 0x40, 0xf2,
  0x01, 0x12, 0x90, 0x42, 0x04, 0xdb, 0x02, 0x25, 0x00, 0x21, 0x84, 0xf8,
  0x42, 0x11, 0x06, 0xe0, 0x28, 0x68, 0x01, 0xf0, 0xd8, 0xf8, 0x90, 0xb9,
  0x07, 0x25, 0x84, 0xf8, 0x42, 0x01, 0x84, 0xf8, 0x30, 0x50, 0x55, 0x49,
  0xd1, 0xf8, 0xb8, 0x00, 0xd4, 0xf8, 0x78, 0x11, 0xe0, 0x62, 0x00, 0x20,
  0x84, 0xf8, 0x31, 0x00, 0x04, 0xf1, 0x28, 0x00, 0xbd, 0xe8, 0xf0, 0x41,
  0x08, 0x47, 0x84, 0xf8, 0x42, 0x71, 0x84, 0xf8, 0x43, 0x61, 0x28, 0x7a,
  0x84, 0xf8, 0x48, 0x01, 0xe8, 0x79, 0xff, 0x28, 0x08, 0xbf, 0x29, 0x20,
  0x02, 0xd0, 0x28, 0x28, 0xc8, 0xbf, 0x28, 0x20, 0x84, 0xf8, 0x40, 0x01,
  0x00, 0x20, 0x84, 0xf8, 0x4a, 0x01, 0xa4, 0xf8, 0x52, 0x01, 0xa4, 0xf8,
  0x56, 0x01, 0x01, 0x20, 0x84, 0xf8, 0x41, 0x01, 0xbd, 0xe8, 0xf0, 0x81,
  0x70, 0xb5, 0x0d, 0x46, 0x2e, 0x4c, 0x94, 0xf8, 0x42, 0x11, 0x91, 0xb1,
  0x6b, 0x1e, 0x41, 0x1c, 0x2e, 0x1f, 0x84, 0xf8, 0x3c, 0x30, 0x6a, 0x1e,
  0x04, 0xf1, 0x3d, 0x00, 0x01, 0xf0, 0x9a, 0xfa, 0x94, 0xf8, 0x48, 0x11,
  0xa4, 0xf8, 0x50, 0x51, 0x8e, 0x42, 0xbc, 0xbf, 0x00, 0x20, 0x84, 0xf8,
  0x48, 0x01, 0x70, 0xbd, 0x72, 0xb6, 0xbf, 0xf3, 0x5f, 0x8f, 0x21, 0x49,
  0x91, 0xf8, 0x45, 0x01, 0x10, 0xb1, 0x40, 0x1e, 0x81, 0xf8, 0x45, 0x01,
  0xbf, 0xf3, 0x5f, 0x8f, 0x62, 0xb6, 0x70, 0x47, 0x72, 0xb6, 0xbf, 0xf3,
  0x5f, 0x8f, 0x1a, 0x48, 0x90, 0xf8, 0x45, 0x11, 0x49, 0x1c, 0x80, 0xf8,
  0x45, 0x11, 0xbf, 0xf3, 0x5f, 0x8f, 0x62, 0xb6, 0xff, 0xf7, 0x86, 0xba,
  0x14, 0x49, 0x81, 0xf8, 0x46, 0x01, 0x70, 0x47, 0x12, 0x48, 0x90, 0xf8,
  0x46, 0x01, 0x70, 0x47, 0x03, 0x28, 0x00, 0xdb, 0x70, 0x47, 0x00, 0xb5,
  0x81, 0xb0, 0x00, 0xf0, 0x1a, 0xfe, 0x00, 0x20, 0x0c, 0x49, 0x81, 0xf8,
  0x44, 0x01, 0x01, 0xb0, 0x00, 0xbd, 0x0a, 0x49, 0xc1, 0xf8, 0x78, 0x01,
  0x70, 0x47, 0x08, 0x48, 0x90, 0xf8, 0x41, 0x11, 0x48, 0x1e, 0x80, 0x41,
  0xc0, 0x43, 0xc0, 0x0f, 0x70, 0x47, 0x04, 0x48, 0xb0, 0xf8, 0x54, 0x01,
  0x70, 0x47, 0x00, 0x00, 0x38, 0x40, 0x00, 0x40, 0x00, 0xe1, 0x00, 0xe0,
  0xd0, 0x41, 0x00, 0x20, 0x20, 0x00, 0x01, 0x40, 0x01, 0x80, 0xff, 0xff,
  0x26, 0xe3, 0x4a, 0x01, 0x3c, 0x40, 0x00, 0x40, 0x00, 0xff, 0xff, 0x00,
  0xc8, 0x69, 0x00, 0x00, 0xed, 0x00, 0x00, 0x00, 0x00, 0xc0, 0x01, 0x40,
  0xf3, 0x05, 0x00, 0x00, 0x27, 0x07, 0x00, 0x00, 0x87, 0x08, 0x00, 0x00,
  0x21, 0x01, 0x00, 0x00, 0xb1, 0x04, 0x00, 0x00, 0x75, 0x05, 0x00, 0x00,
  0x87, 0x09, 0x00, 0x00, 0x34, 0x00, 0x00, 0x40, 0x30, 0xb5, 0xdf, 0xf8,
  0x2c, 0x54, 0x81, 0xb0, 0x28, 0x78, 0xdf, 0xf8, 0x28, 0x44, 0x80, 0xb1,
  0xa8, 0x78, 0x01, 0x21, 0xe9, 0x70, 0x38, 0xb9, 0xe1, 0x68, 0xa8, 0x69,
  0x01, 0x42, 0x07, 0xbf, 0xa9, 0x68, 0x21, 0x60, 0xe8, 0x69, 0x80, 0x47,
  0x00, 0x22, 0xa9, 0x69, 0xea, 0x70, 0x21, 0x63, 0x01, 0xe0, 0xa8, 0x68,
  0x60, 0x60, 0xdf, 0xf8, 0x00, 0x04, 0x02, 0x22, 0x01, 0x6a, 0x02, 0x60,
  0x01, 0xb0, 0x09, 0x20, 0xbd, 0xe8, 0x30, 0x40, 0x00, 0xf0, 0xe2, 0xba,
  0xdf, 0xf8, 0xe0, 0x03, 0x41, 0x68, 0x0a, 0x78, 0xc2, 0xf3, 0x82, 0x00,
  0x30, 0xb1, 0xdf, 0xf8, 0xe0, 0x03, 0x00, 0x68, 0x00, 0xf0, 0x01, 0x00,
  0x01, 0xf0, 0x54, 0xbf, 0x70, 0x47, 0xf0, 0xb5, 0x04, 0x46, 0x0d, 0x46,
  0xdf, 0xf8, 0xbc, 0x03, 0x81, 0xb0, 0x41, 0x68, 0x0b, 0x78, 0xde, 0x07,
  0x20, 0xd5, 0x02, 0x70, 0x09, 0x20, 0x00, 0xf0, 0xaf, 0xfa, 0x01, 0xf0,
  0xaa, 0xff, 0x40, 0x08, 0xdf, 0xf8, 0xb0, 0x23, 0xa0, 0xfb, 0x02, 0x21,
  0xdf, 0xf8, 0xac, 0x33, 0xdf, 0xf8, 0xac, 0x73, 0x00, 0x26, 0xc8, 0x0c,
  0x19, 0x68, 0xe0, 0xfb, 0x07, 0x76, 0x64, 0x1a, 0x44, 0x43, 0xdf, 0xf8,
  0x8c, 0x03, 0x36, 0x09, 0x06, 0xfb, 0x05, 0x44, 0x01, 0x2c, 0xb8, 0xbf,
  0x01, 0x24, 0xc4, 0x61, 0x05, 0x21, 0x01, 0x60, 0x01, 0xb0, 0xf0, 0xbd,
  0x10, 0xb5, 0xdf, 0xf8, 0x68, 0x43, 0x00, 0x21, 0x60, 0x78, 0xa1, 0x70,
  0x18, 0xb9, 0x00, 0xf0, 0x8d, 0xf8, 0x00, 0xf0, 0xaf, 0xf8, 0x60, 0x68,
  0x01, 0x78, 0xc1, 0xf3, 0x40, 0x01, 0x21, 0xb9, 0xe1, 0x68, 0x20, 0x69,
  0x01, 0x43, 0x61, 0x61, 0x10, 0xbd, 0x01, 0x78, 0xc1, 0xf3, 0x41, 0x11,
  0x19, 0xb9, 0x00, 0xf0, 0x6f, 0xfd, 0x28, 0xb9, 0x07, 0xe0, 0x00, 0x78,
  0xc0, 0xf3, 0x41, 0x10, 0x01, 0x28, 0x02, 0xd1, 0x21, 0x69, 0x61, 0x61,
  0x10, 0xbd, 0xe1, 0x68, 0x61, 0x61, 0x10, 0xbd, 0x70, 0xb5, 0x04, 0x46,
  0xc5, 0x4d, 0xa8, 0x78, 0x58, 0xb9, 0xc5, 0x4e, 0x69, 0x69, 0x31, 0x60,
  0x02, 0xf0, 0x47, 0xf8, 0x01, 0x46, 0x01, 0x22, 0x20, 0x46, 0xff, 0xf7,
  0x9c, 0xff, 0xa8, 0x69, 0x70, 0x63, 0x70, 0xbd, 0x10, 0xb5, 0x04, 0x46,
  0x02, 0xf0, 0x58, 0xf8, 0x01, 0x46, 0x20, 0x46, 0x00, 0x22, 0xbd, 0xe8,
  0x10, 0x40, 0x8e, 0xe7, 0x10, 0xb5, 0xb8, 0x4c, 0xbe, 0x49, 0xa2, 0x68,
  0x0a, 0x60, 0xa0, 0x78, 0x80, 0xb1, 0x62, 0x69, 0x0a, 0x60, 0xa0, 0x69,
  0xc8, 0x62, 0xb5, 0x48, 0x02, 0x21, 0x01, 0x60, 0x02, 0x6a, 0x09, 0x20,
  0x00, 0xf0, 0x50, 0xfa, 0x4f, 0xf4, 0x00, 0x71, 0xb6, 0x4b, 0x19, 0x60,
  0x00, 0x22, 0x22, 0x70, 0x10, 0xbd, 0xf0, 0xb5, 0x06, 0x46, 0xab, 0x4c,
  0x60, 0x68, 0x81, 0xb0, 0x01, 0x78, 0xca, 0x07, 0x21, 0xd5, 0xad, 0x4b,
  0x18, 0x68, 0x86, 0x1b, 0xc6, 0xf1, 0x32, 0x06, 0xff, 0x2e, 0xc8, 0xbf,
  0xff, 0x26, 0x01, 0xdc, 0x01, 0x2e, 0x13, 0xdb, 0xa2, 0x78, 0x8a, 0xb9,
  0x01, 0xf0, 0xf7, 0xfe, 0xa0, 0xfb, 0x06, 0x23, 0xf7, 0x17, 0xa8, 0x4e,
  0x00, 0xfb, 0x07, 0x33, 0x00, 0x27, 0x90, 0x19, 0xa6, 0x4a, 0x43, 0xeb,
  0x07, 0x01, 0x00, 0x23, 0x00, 0xf0, 0xf2, 0xfa, 0x02, 0xf0, 0x14, 0xf8,
  0x64, 0x69, 0x9f, 0x4d, 0x2c, 0x60, 0x01, 0xb0, 0xf0, 0xbd, 0x00, 0x22,
  0x95, 0x49, 0x01, 0x20, 0x0a, 0x70, 0x88, 0x70, 0x9a, 0x4a, 0x8b, 0x68,
  0x13, 0x60, 0xc8, 0x78, 0x08, 0xb9, 0x49, 0x69, 0x11, 0x60, 0x70, 0x47,
  0x8f, 0x48, 0x40, 0x68, 0x01, 0x78, 0x89, 0x08, 0x01, 0xf0, 0x07, 0x01,
  0x05, 0x29, 0x15, 0xd8, 0xdf, 0xe8, 0x01, 0xf0, 0x03, 0x07, 0x03, 0x07,
  0x07, 0x07, 0x02, 0x78, 0x02, 0xf0, 0x9c, 0x02, 0x0f, 0xe0, 0x01, 0x78,
  0x41, 0xf0, 0x01, 0x01, 0x0a, 0x46, 0x01, 0x70, 0xc2, 0xf3, 0x41, 0x11,
  0x03, 0x29, 0x07, 0xdb, 0x02, 0xf0, 0x9f, 0x01, 0x01, 0x70, 0x70, 0x47,
  0x02, 0x78, 0x02, 0xf0, 0x80, 0x02, 0x02, 0x70, 0x70, 0x47, 0x00, 0x00,
  0xf0, 0xb5, 0x7d, 0x4d, 0x81, 0xb0, 0x68, 0x68, 0x86, 0x4c, 0x01, 0x78,
  0x89, 0x08, 0x01, 0xf0, 0x07, 0x01, 0x49, 0x1e, 0x04, 0x29, 0x04, 0xd8,
  0xdf, 0xe8, 0x01, 0xf0, 0x0e, 0x24, 0x40, 0x55, 0x6a, 0x00, 0x00, 0x23,
  0x4f, 0xf4, 0x40, 0x62, 0x4f, 0xf0, 0x00, 0x61, 0x20, 0x46, 0x02, 0xf0,
  0x02, 0xf8, 0x00, 0x23, 0x36, 0x22, 0x27, 0xe0, 0x00, 0x23, 0x40, 0xf2,
  0x34, 0x42, 0x4f, 0xf0, 0x40, 0x51, 0x20, 0x46, 0x01, 0xf0, 0xf7, 0xff,
  0x00, 0x23, 0x40, 0xf6, 0x02, 0x02, 0x4f, 0xf0, 0x20, 0x51, 0x20, 0x46,
  0x01, 0xf0, 0xef, 0xff, 0x4f, 0xf4, 0x80, 0x60, 0x10, 0x21, 0x20, 0x22,
  0x02, 0x23, 0x59, 0xe0, 0x00, 0x23, 0x40, 0xf2, 0x34, 0x42, 0x4f, 0xf0,
  0x40, 0x51, 0x20, 0x46, 0x01, 0xf0, 0xe1, 0xff, 0x00, 0x23, 0x4f, 0xf4,
  0x00, 0x62, 0x4f, 0xf0, 0x00, 0x61, 0x20, 0x46, 0x01, 0xf0, 0xd9, 0xff,
  0x00, 0x23, 0x02, 0x22, 0x4f, 0xf0, 0x20, 0x51, 0x20, 0x46, 0x01, 0xf0,
  0xd2, 0xff, 0x00, 0x20, 0x00, 0x21, 0x00, 0x22, 0x00, 0x23, 0x3d, 0xe0,
  0x00, 0x23, 0x40, 0xf6, 0x34, 0x42, 0x4f, 0xf0, 0x40, 0x51, 0x20, 0x46,
  0x01, 0xf0, 0xc5, 0xff, 0x00, 0x23, 0x02, 0x22, 0x4f, 0xf0, 0x20, 0x51,
  0x20, 0x46, 0x01, 0xf0, 0xbe, 0xff, 0x4f, 0xf4, 0x00, 0x60, 0x04, 0x21,
  0x04, 0x22, 0x02, 0x23, 0x28, 0xe0, 0x00, 0x23, 0x4f, 0xf4, 0x40, 0x62,
  0x4f, 0xf0, 0x40, 0x51, 0x20, 0x46, 0x01, 0xf0, 0xb0, 0xff, 0x00, 0x23,
  0x36, 0x22, 0x4f, 0xf0, 0x20, 0x51, 0x20, 0x46, 0x01, 0xf0, 0xa9, 0xff,
  0x4f, 0xf4, 0x00, 0x61, 0x4f, 0xf4, 0x80, 0x60, 0x0a, 0x46, 0x12, 0xe0,
  0x00, 0x23, 0x40, 0xf6, 0x06, 0x42, 0x4f, 0xf0, 0x40, 0x51, 0x20, 0x46,
  0x01, 0xf0, 0x9b, 0xff, 0x00, 0x23, 0x30, 0x22, 0x4f, 0xf0, 0x20, 0x51,
  0x20, 0x46, 0x01, 0xf0, 0x94, 0xff, 0x4f, 0xf4, 0x80, 0x60, 0x02, 0x21,
  0x04, 0x22, 0x00, 0x23, 0xab, 0x61, 0x43, 0x4e, 0x2a, 0x61, 0xe9, 0x60,
  0xa8, 0x60, 0x37, 0x68, 0xbf, 0x09, 0x17, 0xf0, 0x01, 0x07, 0x06, 0xd0,
  0x40, 0x21, 0xc6, 0xf8, 0x80, 0x10, 0xbf, 0xf3, 0x4f, 0x8f, 0xbf, 0xf3,
  0x6f, 0x8f, 0x68, 0x68, 0x01, 0x78, 0xc1, 0xf3, 0x82, 0x00, 0x78, 0xb9,
  0x01, 0x22, 0x39, 0x48, 0x62, 0x64, 0x00, 0x68, 0xc1, 0x04, 0x20, 0x46,
  0x4c, 0xbf, 0x4f, 0xf0, 0x40, 0x51, 0x4f, 0xf0, 0x60, 0x51, 0x00, 0x23,
  0x01, 0xf0, 0x6b, 0xff, 0x01, 0x20, 0x0c, 0xe0, 0x03, 0x23, 0x01, 0x22,
  0x4f, 0xf0, 0x20, 0x51, 0x20, 0x46, 0x01, 0xf0, 0x62, 0xff, 0xe0, 0x6c,
  0x01, 0x21, 0x21, 0x64, 0xe0, 0x6b, 0x00, 0xf0, 0x01, 0x00, 0x01, 0xf0,
  0xab, 0xfd, 0x0f, 0xb1, 0x40, 0x20, 0x30, 0x60, 0x01, 0x21, 0x01, 0xb0,
  0x69, 0x70, 0xf0, 0xbd, 0x00, 0xb5, 0x81, 0xb0, 0xff, 0xf7, 0x10, 0xff,
  0x01, 0xb0, 0x5d, 0xf8, 0x04, 0xeb, 0x2f, 0xe7, 0x15, 0x49, 0xc8, 0x61,
  0x70, 0x47, 0x10, 0xb5, 0x13, 0x4c, 0x00, 0x20, 0x82, 0xb0, 0x60, 0x70,
  0xe0, 0x70, 0x00, 0xf0, 0x0e, 0xfc, 0x00, 0xf5, 0xa9, 0x70, 0x60, 0x60,
  0x09, 0x20, 0x00, 0xf0, 0xf5, 0xf8, 0x0f, 0x48, 0x02, 0x21, 0x01, 0x60,
  0x4f, 0xf0, 0xff, 0x32, 0x82, 0x62, 0x03, 0x6a, 0x00, 0x24, 0x10, 0x21,
  0x44, 0x60, 0x41, 0x62, 0x09, 0x20, 0x00, 0xf0, 0xfd, 0xf8, 0x14, 0x48,
  0x40, 0x23, 0x00, 0x90, 0x01, 0x22, 0x06, 0x21, 0x0e, 0x48, 0x01, 0xf0,
  0x94, 0xff, 0x02, 0xb0, 0xbd, 0xe8, 0x10, 0x40, 0xe0, 0xe6, 0x00, 0x00,
  0x24, 0x46, 0x00, 0x20, 0x30, 0x04, 0x0e, 0x40, 0x00, 0xc0, 0x00, 0x40,
  0x3c, 0x04, 0x0e, 0x40, 0x06, 0xbd, 0x37, 0x86, 0xec, 0x00, 0x00, 0x40,
  0xed, 0x25, 0xb4, 0x97, 0x34, 0x04, 0x0e, 0x40, 0x80, 0xe2, 0x00, 0xe0,
  0xdf, 0x83, 0x5a, 0x00, 0xe0, 0x83, 0x5a, 0x00, 0x00, 0x04, 0x0e, 0x40,
  0x00, 0xe1, 0x00, 0xe0, 0x34, 0x00, 0x00, 0x40, 0x79, 0x0c, 0x00, 0x00,
  0x10, 0xb5, 0x04, 0x46, 0x01, 0xf0, 0xb5, 0xfd, 0x4f, 0x4a, 0xa0, 0xfb,
  0x02, 0x21, 0xc8, 0x0c, 0x40, 0x1e, 0xa0, 0x60, 0x10, 0xbd, 0x4d, 0x49,
  0x08, 0x68, 0x80, 0x0b, 0x10, 0xf0, 0x01, 0x00, 0x07, 0xd0, 0x4f, 0xf4,
  0x80, 0x43, 0xc1, 0xf8, 0x80, 0x30, 0xbf, 0xf3, 0x4f, 0x8f, 0xbf, 0xf3,
  0x6f, 0x8f, 0x70, 0x47, 0x2d, 0xe9, 0xf0, 0x47, 0x04, 0x46, 0x21, 0xb9,
  0xd6, 0x6a, 0x15, 0x6b, 0xd2, 0xf8, 0x34, 0x90, 0x03, 0xe0, 0x96, 0x6b,
  0xd5, 0x6b, 0xd2, 0xf8, 0x40, 0x90, 0xdf, 0xf8, 0xfc, 0x80, 0xd8, 0xf8,
  0x00, 0x70, 0xbf, 0x0b, 0x17, 0xf0, 0x01, 0x07, 0x07, 0xd0, 0x4f, 0xf4,
  0x80, 0x41, 0xc8, 0xf8, 0x80, 0x10, 0xbf, 0xf3, 0x4f, 0x8f, 0xbf, 0xf3,
  0x6f, 0x8f, 0x0e, 0x20, 0x00, 0xf0, 0xad, 0xf8, 0x82, 0x46, 0x0e, 0x20,
  0x00, 0xf0, 0x7e, 0xf8, 0xc4, 0xf8, 0xa8, 0x60, 0xc4, 0xf8, 0xa4, 0x90,
  0x72, 0xb6, 0xbf, 0xf3, 0x5f, 0x8f, 0xa1, 0x6b, 0x30, 0x48, 0x05, 0x40,
  0x01, 0xf4, 0x70, 0x41, 0x0d, 0x43, 0xa5, 0x63, 0xbf, 0xf3, 0x5f, 0x8f,
  0x62, 0xb6, 0xba, 0xf1, 0x00, 0x0f, 0x04, 0xbf, 0x0e, 0x20, 0x00, 0xf0,
  0x7d, 0xf8, 0x1f, 0xb1, 0x4f, 0xf4, 0x80, 0x40, 0xc8, 0xf8, 0x00, 0x00,
  0xbd, 0xe8, 0xf0, 0x87, 0x2d, 0xe9, 0xf0, 0x41, 0x23, 0x4c, 0x80, 0x46,
  0x25, 0x68, 0x0f, 0x46, 0xad, 0x0b, 0x15, 0xf0, 0x01, 0x05, 0x07, 0xd0,
  0x4f, 0xf4, 0x80, 0x41, 0xc4, 0xf8, 0x80, 0x10, 0xbf, 0xf3, 0x4f, 0x8f,
  0xbf, 0xf3, 0x6f, 0x8f, 0x0e, 0x20, 0x00, 0xf0, 0x76, 0xf8, 0x06, 0x46,
  0x0e, 0x20, 0x00, 0xf0, 0x47, 0xf8, 0x38, 0x68, 0xc8, 0xf8, 0x9c, 0x00,
  0x79, 0x68, 0xc8, 0xf8, 0xb4, 0x10, 0xb8, 0x68, 0xc8, 0xf8, 0xb8, 0x00,
  0xf9, 0x68, 0xc8, 0xf8, 0xbc, 0x10, 0x38, 0x69, 0xc8, 0xf8, 0xd8, 0x00,
  0x79, 0x69, 0xc8, 0xf8, 0xdc, 0x10, 0xb8, 0x69, 0xc8, 0xf8, 0x94, 0x00,
  0xf9, 0x69, 0xc8, 0xf8, 0x98, 0x10, 0x38, 0x6a, 0xc8, 0xf8, 0xac, 0x00,
  0x79, 0x6a, 0xc8, 0xf8, 0xb0, 0x10, 0xb8, 0x6a, 0xc8, 0xf8, 0xa0, 0x00,
  0x40, 0x46, 0x01, 0xf0, 0x41, 0xfd, 0x16, 0xb9, 0x0e, 0x20, 0x00, 0xf0,
  0x35, 0xf8, 0x15, 0xb1, 0x4f, 0xf4, 0x80, 0x40, 0x20, 0x60, 0xbd, 0xe8,
  0xf0, 0x81, 0x00, 0x00, 0x06, 0xbd, 0x37, 0x86, 0x00, 0xe1, 0x00, 0xe0,
  0x00, 0x00, 0x3f, 0xff, 0x00, 0xeb, 0x81, 0x01, 0x10, 0xb5, 0x09, 0x6d,
  0x82, 0x68, 0x80, 0x68, 0x52, 0x1c, 0x22, 0xf0, 0x00, 0x42, 0x51, 0x18,
  0x40, 0x1c, 0x40, 0x00, 0xb1, 0xfb, 0xf0, 0xf4, 0x01, 0xf0, 0xe8, 0xfd,
  0x00, 0x19, 0x10, 0xbd, 0x1f, 0x49, 0x01, 0x23, 0x0a, 0x68, 0x03, 0xfa,
  0x00, 0xf0, 0x40, 0xea, 0x02, 0x0c, 0xc1, 0xf8, 0x00, 0xc0, 0xbf, 0xf3,
  0x5f, 0x8f, 0x1b, 0x4b, 0xc3, 0xf8, 0x00, 0xc0, 0xd3, 0xf8, 0x08, 0xc0,
  0x1c, 0xea, 0x00, 0x0f, 0xfa, 0xd0, 0x0a, 0x60, 0x70, 0x47, 0x00, 0x00,
  0x14, 0x49, 0x01, 0x23, 0x4a, 0x68, 0x03, 0xfa, 0x00, 0xf0, 0x40, 0xea,
  0x02, 0x0c, 0xc1, 0xf8, 0x04, 0xc0, 0xbf, 0xf3, 0x5f, 0x8f, 0x11, 0x4b,
  0xc3, 0xf8, 0x00, 0xc0, 0xd3, 0xf8, 0x04, 0xc0, 0x1c, 0xea, 0x00, 0x0f,
  0xfa, 0xd1, 0x4a, 0x60, 0x70, 0x47, 0x0d, 0x4b, 0x09, 0x49, 0xd3, 0xf8,
  0x00, 0xc0, 0x0a, 0x68, 0x49, 0x68, 0x42, 0xea, 0x0c, 0x0c, 0x2c, 0xea,
  0x01, 0x0c, 0x2c, 0xfa, 0x00, 0xfc, 0x0c, 0xf0, 0x01, 0x0c, 0xbc, 0xf1,
  0x01, 0x00, 0x80, 0x41, 0xc0, 0x43, 0xc0, 0x0f, 0x70, 0x47, 0x00, 0x00,
  0xdc, 0x46, 0x00, 0x20, 0x04, 0x06, 0x0e, 0x40, 0x08, 0x06, 0x0e, 0x40,
  0x0c, 0x06, 0x0e, 0x40, 0x10, 0xb5, 0x4f, 0xf0, 0x00, 0x03, 0x50, 0xf8,
  0x04, 0x4b, 0x24, 0xfb, 0x04, 0xf2, 0x03, 0xeb, 0xd2, 0x03, 0x01, 0x39,
  0xf7, 0xd1, 0x18, 0x46, 0x10, 0xbd, 0x30, 0xb4, 0x00, 0x25, 0x13, 0xe0,
  0x50, 0xf8, 0x04, 0x2b, 0xd3, 0x07, 0x44, 0xbf, 0xa9, 0xf1, 0x01, 0x03,
  0x9a, 0x18, 0x09, 0x1f, 0x04, 0x29, 0x42, 0xf8, 0x04, 0x5b, 0xfa, 0xd2,
  0x13, 0x46, 0x8c, 0x07, 0x44, 0xbf, 0x15, 0x80, 0x9b, 0x1c, 0xc9, 0x07,
  0x48, 0xbf, 0x1d, 0x70, 0x50, 0xf8, 0x04, 0x1b, 0x00, 0x29, 0xe7, 0xd1,
  0x30, 0xbc, 0x70, 0x47, 0xa9, 0xb1, 0xb1, 0xfa, 0x81, 0xf2, 0x41, 0x40,
  0x90, 0x40, 0xc2, 0xf1, 0x20, 0x02, 0x61, 0xfa, 0x02, 0xf1, 0x81, 0xea,
  0x00, 0x00, 0x18, 0xbf, 0x40, 0xf0, 0x01, 0x00, 0x02, 0xf1, 0x9d, 0x01,
  0xc9, 0x05, 0x02, 0x06, 0x72, 0xf1, 0x00, 0x42, 0x41, 0xeb, 0x10, 0x20,
  0x70, 0x47, 0x50, 0xb1, 0xb0, 0xfa, 0x80, 0xf2, 0x90, 0x40, 0xc2, 0xf1,
  0x9d, 0x02, 0xd2, 0x05, 0x01, 0x06, 0x71, 0xf1, 0x00, 0x41, 0x42, 0xeb,
  0x10, 0x20, 0x70, 0x47, 0xb5, 0xee, 0xc0, 0x0a, 0xf1, 0xee, 0x10, 0xfa,
  0x02, 0xd4, 0xb1, 0xee, 0xc0, 0x0a, 0x70, 0x47, 0x6f, 0xf0, 0x00, 0x4c,
  0x00, 0xee, 0x10, 0xca, 0xaf, 0xf3, 0x00, 0x80, 0x70, 0x47, 0x00, 0x00,
  0x10, 0xee, 0x10, 0x0a, 0xf4, 0x46, 0x00, 0xf0, 0x03, 0xf8, 0x00, 0xee,
  0x10, 0x0a, 0x60, 0x47, 0xc0, 0xf3, 0xc7, 0x52, 0x7e, 0x3a, 0x09, 0xdd,
  0x18, 0x2a, 0x0c, 0xda, 0x6f, 0xf0, 0x7f, 0x41, 0xd1, 0x40, 0x20, 0xea,
  0x51, 0x00, 0x40, 0x18, 0x88, 0x43, 0x70, 0x47, 0x00, 0xf0, 0x00, 0x40,
  0x08, 0xbf, 0x40, 0xf0, 0x7e, 0x50, 0x70, 0x47, 0x13, 0xf0, 0x00, 0x4c,
  0x03, 0xd5, 0x5b, 0x42, 0x52, 0x42, 0x63, 0xf1, 0x00, 0x03, 0x9c, 0xea,
  0x21, 0x0c, 0x00, 0xf0, 0x17, 0x80, 0x10, 0xb5, 0x64, 0x46, 0x03, 0xd3,
  0x49, 0x42, 0x40, 0x42, 0x61, 0xf1, 0x00, 0x01, 0x00, 0xf0, 0x0e, 0xf8,
  0x64, 0x00, 0x04, 0xd3, 0x49, 0x42, 0x40, 0x42, 0x61, 0xf1, 0x00, 0x01,
  0x24, 0x42, 0x03, 0xd5, 0x5b, 0x42, 0x52, 0x42, 0x63, 0xf1, 0x00, 0x03,
  0x10, 0xbd, 0x00, 0x00, 0xbb, 0xbb, 0xe1, 0xb1, 0xb2, 0xf5, 0x80, 0x3f,
  0x80, 0xf0, 0x7e, 0x80, 0x02, 0x2a, 0x1e, 0xd9, 0x8c, 0x46, 0xb1, 0xfb,
  0xf2, 0xf1, 0x02, 0xfb, 0x11, 0xc3, 0x1b, 0x04, 0x43, 0xea, 0x10, 0x43,
  0xb3, 0xfb, 0xf2, 0xfc, 0x02, 0xfb, 0x1c, 0x33, 0x80, 0xb2, 0x40, 0xea,
  0x03, 0x43, 0xb3, 0xfb, 0xf2, 0xf0, 0x02, 0xfb, 0x10, 0x32, 0x40, 0xea,
  0x0c, 0x40, 0x00, 0x23, 0x70, 0x47, 0x02, 0x2a, 0x05, 0xd9, 0x84, 0x46,
  0xb0, 0xfb, 0xf2, 0xf0, 0x02, 0xfb, 0x10, 0xc2, 0x70, 0x47, 0x4a, 0xb1,
  0x05, 0xd1, 0x00, 0xf0, 0x01, 0x02, 0x49, 0x08, 0x5f, 0xea, 0x30, 0x00,
  0x70, 0x47, 0x00, 0x22, 0x00, 0x23, 0x70, 0x47, 0x01, 0xf0, 0xcc, 0xbd,
  0x0b, 0x00, 0x02, 0x00, 0x00, 0x21, 0x00, 0x20, 0x70, 0x47, 0x90, 0x42,
  0x71, 0xeb, 0x03, 0x0c, 0xf6, 0xd3, 0xb3, 0xf5, 0x80, 0x3f, 0x2f, 0xd2,
  0xf0, 0xb5, 0xb3, 0xfa, 0x83, 0xf7, 0xb1, 0xfa, 0x81, 0xf4, 0xa7, 0xf1,
  0x0f, 0x0e, 0x3d, 0x1b, 0x53, 0x40, 0xce, 0xf1, 0x20, 0x06, 0x02, 0xfa,
  0x0e, 0xf2, 0xf3, 0x41, 0x53, 0x40, 0xb5, 0xf1, 0x0f, 0x07, 0x46, 0xd8,
  0x0f, 0x3c, 0x2c, 0x44, 0x41, 0x40, 0xc4, 0xf1, 0x20, 0x06, 0xa0, 0x40,
  0xf1, 0x41, 0x41, 0x40, 0xb1, 0xfb, 0xf3, 0xf6, 0x03, 0xfb, 0x16, 0x11,
  0xa2, 0xfb, 0x06, 0x45, 0x00, 0x1b, 0xa9, 0x41, 0x02, 0xd2, 0x76, 0x1e,
  0x80, 0x18, 0x59, 0x41, 0x80, 0xea, 0x01, 0x02, 0x21, 0xfa, 0x0e, 0xf3,
  0x62, 0xfa, 0x0e, 0xf2, 0x00, 0x21, 0x5a, 0x40, 0x30, 0x46, 0xf0, 0xbd,
  0x30, 0xb4, 0xb1, 0xfb, 0xf3, 0xfc, 0x03, 0xfb, 0x1c, 0x11, 0xa2, 0xfb,
  0x0c, 0x45, 0x00, 0x1b, 0xa9, 0x41, 0x03, 0xd2, 0xac, 0xf1, 0x01, 0x0c,
  0x80, 0x18, 0x59, 0x41, 0x30, 0xbc, 0x02, 0x46, 0x0b, 0x46, 0x60, 0x46,
  0x00, 0x21, 0x70, 0x47, 0xb2, 0xf1, 0x80, 0x7f, 0x65, 0xd3, 0xf0, 0xb5,
  0xb2, 0xfa, 0x82, 0xf7, 0xb1, 0xfa, 0x81, 0xf4, 0xc7, 0xf1, 0x0f, 0x06,
  0x3d, 0x1b, 0x22, 0xfa, 0x06, 0xf3, 0x07, 0xf1, 0x11, 0x0e, 0xf2, 0x41,
  0x20, 0x35, 0x5a, 0x40, 0xb5, 0xf1, 0x0f, 0x07, 0xb8, 0xd9, 0x41, 0x40,
  0xc4, 0xf1, 0x20, 0x06, 0xa0, 0x40, 0xf1, 0x41, 0x41, 0x40, 0xb1, 0xfb,
  0xf3, 0xfc, 0x03, 0xfb, 0x1c, 0x11, 0xa2, 0xfb, 0x0c, 0x45, 0x00, 0x1b,
  0xa9, 0x41, 0x03, 0xd2, 0xbc, 0xf1, 0x01, 0x0c, 0x80, 0x18, 0x59, 0x41,
  0x0f, 0x2f, 0x12, 0xd3, 0x0f, 0x3f, 0xc9, 0x03, 0x41, 0xea, 0x50, 0x41,
  0xb1, 0xfb, 0xf3, 0xf6, 0x03, 0xfb, 0x16, 0x11, 0xa2, 0xfb, 0x06, 0x45,
  0xd4, 0xeb, 0xc0, 0x30, 0xa9, 0x41, 0x02, 0xd2, 0x76, 0x1e, 0x80, 0x18,
  0x59, 0x41, 0x46, 0xea, 0xcc, 0x3c, 0x07, 0xb3, 0x41, 0x40, 0xc7, 0xf1,
  0x20, 0x06, 0xb8, 0x40, 0xf1, 0x41, 0x41, 0x40, 0xb1, 0xfb, 0xf3, 0xf6,
  0x03, 0xfb, 0x16, 0x11, 0xa2, 0xfb, 0x06, 0x45, 0x00, 0x1b, 0xa9, 0x41,
  0x02, 0xd2, 0x76, 0x1e, 0x80, 0x18, 0x59, 0x41, 0x80, 0xea, 0x01, 0x02,
  0x21, 0xfa, 0x0e, 0xf3, 0xc7, 0xf1, 0x20, 0x04, 0x62, 0xfa, 0x0e, 0xf2,
  0x0c, 0xfa, 0x07, 0xf0, 0x5a, 0x40, 0x2c, 0xfa, 0x04, 0xf1, 0x30, 0x43,
  0xf0, 0xbd, 0x80, 0xea, 0x01, 0x02, 0x21, 0xfa, 0x0e, 0xf3, 0x00, 0x21,
  0x62, 0xfa, 0x0e, 0xf2, 0x60, 0x46, 0x5a, 0x40, 0xf0, 0xbd, 0x8c, 0x46,
  0xb1, 0xfb, 0xf2, 0xf1, 0x02, 0xfb, 0x11, 0xc3, 0x1b, 0x02, 0x43, 0xea,
  0x10, 0x63, 0xb3, 0xfb, 0xf2, 0xfc, 0x02, 0xfb, 0x1c, 0x33, 0x1b, 0x02,
  0x4c, 0xea, 0x00, 0x20, 0x43, 0xea, 0x10, 0x63, 0xb3, 0xfb, 0xf2, 0xfc,
  0x02, 0xfb, 0x1c, 0x33, 0x1b, 0x02, 0x4c, 0xea, 0x00, 0x20, 0x43, 0xea,
  0x10, 0x63, 0xb3, 0xfb, 0xf2, 0xfc, 0x02, 0xfb, 0x1c, 0x33, 0x1b, 0x02,
  0x4c, 0xea, 0x00, 0x20, 0x43, 0xea, 0x10, 0x63, 0xb3, 0xfb, 0xf2, 0xfc,
  0x02, 0xfb, 0x1c, 0x32, 0x4c, 0xea, 0x00, 0x20, 0x00, 0x23, 0x70, 0x47,
  0x70, 0xb5, 0x0a, 0x46, 0x88, 0x4d, 0x02, 0x2a, 0x6e, 0x88, 0x03, 0x46,
  0x2c, 0x78, 0x38, 0xbf, 0x01, 0x22, 0x50, 0x08, 0x00, 0x21, 0xe6, 0xfb,
  0x03, 0x01, 0x00, 0x23, 0xff, 0xf7, 0xd8, 0xfe, 0x6a, 0x68, 0x00, 0x2c,
  0x07, 0xbf, 0xb2, 0xf8, 0x46, 0x31, 0xb2, 0xf8, 0x48, 0x21, 0xb2, 0xf8,
  0x4e, 0x31, 0xb2, 0xf8, 0x50, 0x21, 0x00, 0x29, 0x02, 0xd8, 0xb0, 0xf5,
  0x80, 0x3f, 0x01, 0xd3, 0x4f, 0xf6, 0xff, 0x70, 0x81, 0xb2, 0x99, 0x42,
  0x04, 0xd3, 0x13, 0x46, 0x80, 0xb2, 0x83, 0x42, 0x88, 0xbf, 0x03, 0x46,
  0x02, 0x2b, 0xb8, 0xbf, 0x01, 0x23, 0x6b, 0x80, 0x70, 0xbd, 0xf0, 0xb5,
  0x0f, 0x46, 0x71, 0x4c, 0x21, 0x78, 0x81, 0xb0, 0x62, 0x68, 0x11, 0xb9,
  0xb2, 0xf8, 0x44, 0x31, 0x05, 0xe0, 0x02, 0x29, 0x0c, 0xbf, 0xb2, 0xf8,
  0x4c, 0x31, 0xb2, 0xf8, 0x4a, 0x31, 0x62, 0x88, 0x05, 0x46, 0x00, 0x21,
  0x66, 0x78, 0x50, 0x08, 0xe5, 0xfb, 0x03, 0x01, 0x00, 0x23, 0xff, 0xf7,
  0x9f, 0xfe, 0xa0, 0x60, 0x1e, 0xb1, 0x00, 0xf0, 0xcc, 0xf8, 0x87, 0x42,
  0x02, 0xd3, 0x00, 0x20, 0x01, 0xb0, 0xf0, 0xbd, 0x20, 0x78, 0x03, 0x26,
  0x18, 0xb1, 0x02, 0x28, 0x21, 0xd0, 0x10, 0xd3, 0x31, 0xe0, 0x61, 0x68,
  0x01, 0xeb, 0x87, 0x07, 0x29, 0x46, 0x38, 0x68, 0xff, 0xf7, 0xa0, 0xff,
  0xa0, 0x68, 0x39, 0x6e, 0x88, 0x42, 0x0c, 0xd3, 0x3a, 0x6c, 0x90, 0x42,
  0x23, 0xd2, 0x01, 0x26, 0x21, 0xe0, 0x60, 0x68, 0xa1, 0x68, 0x00, 0xeb,
  0x87, 0x00, 0xd0, 0xf8, 0xa0, 0x20, 0x91, 0x42, 0x01, 0xd2, 0x02, 0x26,
  0x17, 0xe0, 0xd0, 0xf8, 0x80, 0x00, 0x88, 0x42, 0x13, 0xd2, 0x00, 0x26,
  0x11, 0xe0, 0x61, 0x68, 0x01, 0xeb, 0x87, 0x07, 0x29, 0x46, 0x38, 0x6a,
  0xff, 0xf7, 0x80, 0xff, 0xa0, 0x68, 0xd7, 0xf8, 0xe0, 0x10, 0x88, 0x42,
  0x05, 0xd3, 0xd7, 0xf8, 0xc0, 0x20, 0x82, 0x42, 0xb6, 0x41, 0xf6, 0x43,
  0xf6, 0x0f, 0x30, 0x46, 0x01, 0xb0, 0x00, 0x21, 0xbd, 0xe8, 0xf0, 0x40,
  0x30, 0xb5, 0x04, 0x46, 0x40, 0x4d, 0x68, 0x68, 0x81, 0xb0, 0xb0, 0xf8,
  0x46, 0x21, 0x01, 0x2a, 0xd8, 0xbf, 0x01, 0x22, 0xa0, 0xf8, 0x46, 0x21,
  0xb0, 0xf8, 0x4e, 0x21, 0xb0, 0xf8, 0x46, 0x31, 0x01, 0x2a, 0xd8, 0xbf,
  0x01, 0x22, 0xa0, 0xf8, 0x4e, 0x21, 0xb0, 0xf8, 0x44, 0x21, 0x93, 0x42,
  0x28, 0xbf, 0x1a, 0x46, 0xa0, 0xf8, 0x44, 0x21, 0xb0, 0xf8, 0x4c, 0x21,
  0xb0, 0xf8, 0x4e, 0x31, 0x93, 0x42, 0x28, 0xbf, 0x1a, 0x46, 0xa0, 0xf8,
  0x4c, 0x21, 0xb0, 0xf8, 0x4a, 0x21, 0xb0, 0xf8, 0x44, 0x31, 0x01, 0x2a,
  0xd8, 0xbf, 0x01, 0x22, 0xa0, 0xf8, 0x4a, 0x21, 0xb0, 0xf8, 0x48, 0x21,
  0x93, 0x42, 0x28, 0xbf, 0x1a, 0x46, 0xa0, 0xf8, 0x48, 0x21, 0xb0, 0xf8,
  0x50, 0x21, 0xb0, 0xf8, 0x4c, 0x31, 0x93, 0x42, 0x28, 0xbf, 0x1a, 0x46,
  0x02, 0x2c, 0xa0, 0xf8, 0x50, 0x21, 0x1b, 0xdc, 0x6b, 0x78, 0x01, 0x2b,
  0x00, 0xd0, 0xb9, 0xb1, 0x00, 0xf5, 0x80, 0x72, 0x2c, 0x70, 0x21, 0x46,
  0x4f, 0xf0, 0x40, 0x20, 0xff, 0xf7, 0x86, 0xfc, 0x68, 0x68, 0x23, 0x00,
  0x08, 0xbf, 0xb0, 0xf8, 0x44, 0x01, 0x05, 0xd0, 0x02, 0x2c, 0x0c, 0xbf,
  0xb0, 0xf8, 0x4c, 0x01, 0xb0, 0xf8, 0x4a, 0x01, 0x68, 0x80, 0x01, 0x20,
  0x01, 0xb0, 0x30, 0xbd, 0x00, 0x20, 0x01, 0xb0, 0x30, 0xbd, 0x12, 0x4a,
  0x01, 0x21, 0x50, 0x70, 0x10, 0x78, 0x9b, 0xe7, 0x0f, 0x48, 0x40, 0x78,
  0x70, 0x47, 0x0e, 0x48, 0x01, 0x21, 0x00, 0x78, 0x94, 0xe7, 0x0c, 0x48,
  0x40, 0x88, 0x70, 0x47, 0x0a, 0x48, 0x00, 0x78, 0x70, 0x47, 0x09, 0x48,
  0x80, 0x68, 0x70, 0x47, 0x10, 0xb5, 0x00, 0xf0, 0x0f, 0xf8, 0x06, 0x4c,
  0x00, 0xf0, 0x0d, 0xf8, 0x60, 0x60, 0x01, 0x20, 0x60, 0x70, 0x00, 0xf0,
  0x19, 0xf8, 0x01, 0x21, 0xbd, 0xe8, 0x10, 0x40, 0x7c, 0xe7, 0x00, 0x00,
  0xc4, 0x46, 0x00, 0x20, 0x70, 0x47, 0x07, 0x48, 0x70, 0x47, 0x06, 0x48,
  0x90, 0xf8, 0x53, 0x01, 0x70, 0x47, 0x01, 0x00, 0x04, 0xd0, 0x09, 0x28,
  0xbc, 0xbf, 0x02, 0x49, 0x81, 0xf8, 0x53, 0x01, 0x70, 0x47, 0x00, 0x00,
  0x00, 0x40, 0x00, 0x20, 0x00, 0x20, 0x70, 0x47, 0xf0, 0xb5, 0x81, 0xb0,
  0xdf, 0xf8, 0x34, 0x65, 0xff, 0xf7, 0x23, 0xfc, 0x05, 0x46, 0xf0, 0x78,
  0x28, 0xb3, 0xdf, 0xf8, 0x2c, 0x05, 0x01, 0x68, 0x49, 0x06, 0x20, 0xd5,
  0xd0, 0xf8, 0xc4, 0x71, 0x30, 0x6b, 0xbf, 0x08, 0xbf, 0x00, 0xb8, 0x42,
  0x07, 0xd2, 0x38, 0x1a, 0xdf, 0xf8, 0x14, 0x25, 0xa0, 0xfb, 0x02, 0x21,
  0x4c, 0x05, 0x24, 0x0e, 0x0a, 0xe0, 0x87, 0x42, 0x0e, 0xd2, 0xc0, 0x1b,
  0xdf, 0xf8, 0x00, 0x45, 0xa0, 0xfb, 0x04, 0x43, 0xdc, 0x08, 0xc4, 0xf1,
  0x03, 0x04, 0xe4, 0xb2, 0x01, 0x2c, 0x03, 0xdb, 0x30, 0x6a, 0x80, 0x47,
  0x64, 0x1e, 0xfb, 0xd1, 0x37, 0x63, 0x25, 0xb1, 0x4f, 0xf4, 0x80, 0x40,
  0xdf, 0xf8, 0xe0, 0x14, 0x08, 0x60, 0x01, 0xb0, 0xf0, 0xbd, 0x30, 0xb4,
  0xdf, 0xf8, 0xd8, 0x04, 0x13, 0x21, 0x01, 0x60, 0x00, 0x22, 0x02, 0x60,
  0xdf, 0xf8, 0xd0, 0x04, 0x80, 0x23, 0x03, 0x60, 0x41, 0x68, 0x09, 0x06,
  0xfc, 0xd4, 0xdf, 0xf8, 0xb0, 0x14, 0xd0, 0xf8, 0xfc, 0x21, 0x0b, 0x78,
  0xdf, 0xf8, 0xbc, 0x24, 0x03, 0xeb, 0x43, 0x04, 0x02, 0xeb, 0x84, 0x03,
  0x03, 0x24, 0x5d, 0x68, 0x45, 0xf0, 0x80, 0x75, 0x5d, 0x60, 0x02, 0xf1,
  0x48, 0x03, 0x9b, 0x08, 0x9b, 0x00, 0x43, 0xf0, 0x01, 0x03, 0xdf, 0xf8,
  0xa0, 0x54, 0xc0, 0xf8, 0x08, 0x32, 0xc0, 0xf8, 0x0c, 0x42, 0x4b, 0x78,
  0xdf, 0xf8, 0x94, 0x44, 0xc0, 0xf8, 0x14, 0x32, 0xc0, 0xf8, 0x20, 0x52,
  0x92, 0x64, 0xd4, 0x64, 0x49, 0x6a, 0x11, 0x65, 0x01, 0x22, 0xc0, 0xf8,
  0xf0, 0x21, 0x30, 0xbc, 0x70, 0x47, 0x10, 0xb5, 0xdf, 0xf8, 0x54, 0x44,
  0x01, 0x20, 0xe0, 0x70, 0xff, 0xf7, 0xd2, 0xf9, 0xa1, 0x68, 0x88, 0x47,
  0xdf, 0xf8, 0x68, 0x04, 0x80, 0x22, 0x02, 0x60, 0x81, 0x68, 0x09, 0x06,
  0xfc, 0xd5, 0xdf, 0xf8, 0x60, 0x04, 0x02, 0x68, 0x42, 0xf0, 0x10, 0x02,
  0x02, 0x60, 0x10, 0xbd, 0x10, 0xb5, 0x04, 0x46, 0xff, 0xf7, 0xe6, 0xf9,
  0xdf, 0xf8, 0x20, 0x04, 0x02, 0x22, 0xc1, 0x88, 0xc2, 0x70, 0x61, 0x18,
  0x81, 0x62, 0xc0, 0x68, 0xbd, 0xe8, 0x10, 0x40, 0x00, 0x47, 0x30, 0xb5,
  0xdf, 0xf8, 0x08, 0x54, 0x81, 0xb0, 0xe8, 0x78, 0x0c, 0x46, 0x04, 0x28,
  0x18, 0xbf, 0xff, 0xf7, 0x32, 0xfa, 0xff, 0xf7, 0xeb, 0xf9, 0xff, 0xf7,
  0x92, 0xff, 0x69, 0x69, 0x20, 0x46, 0x88, 0x47, 0x20, 0x46, 0xff, 0xf7,
  0xfc, 0xf9, 0x00, 0x20, 0x01, 0xb0, 0xe8, 0x70, 0x30, 0xbd, 0x30, 0xb5,
  0xdf, 0xf8, 0xd8, 0x53, 0x81, 0xb0, 0x0c, 0x46, 0xff, 0xf7, 0x81, 0xff,
  0xa9, 0x69, 0x20, 0x46, 0x88, 0x47, 0x00, 0x20, 0x01, 0xb0, 0xe8, 0x70,
  0x30, 0xbd, 0xf0, 0xb5, 0x81, 0xb0, 0xdf, 0xf8, 0xe0, 0x43, 0xff, 0xf7,
  0x66, 0xfb, 0x05, 0x46, 0xd4, 0xf8, 0x0c, 0x72, 0xdf, 0xf8, 0xac, 0x63,
  0xf0, 0x78, 0xbf, 0x08, 0xbf, 0x00, 0x81, 0x1e, 0x03, 0xd0, 0x49, 0x1e,
  0x01, 0x29, 0x56, 0xd9, 0x65, 0xe0, 0xb0, 0x78, 0x00, 0x28, 0x62, 0xd1,
  0x30, 0x69, 0x03, 0x21, 0xf1, 0x70, 0xf7, 0x62, 0x00, 0xb1, 0x80, 0x47,
  0x4f, 0xf0, 0x80, 0x47, 0x38, 0x69, 0x40, 0xf0, 0x01, 0x00, 0x38, 0x61,
  0xa0, 0x68, 0x40, 0x06, 0x08, 0xd5, 0x00, 0x21, 0x40, 0x20, 0xc7, 0xf8,
  0xb8, 0x10, 0x3a, 0x68, 0x42, 0xf0, 0x04, 0x02, 0x3a, 0x60, 0x60, 0x60,
  0xdf, 0xf8, 0x78, 0x03, 0x00, 0xf1, 0x30, 0x01, 0x31, 0x63, 0xa1, 0x68,
  0x49, 0x06, 0xfc, 0xd4, 0x24, 0x30, 0x80, 0x08, 0xd4, 0xf8, 0xc0, 0x21,
  0x80, 0x00, 0xc4, 0xf8, 0xcc, 0x01, 0x05, 0x21, 0xc4, 0xf8, 0xd0, 0x11,
  0x40, 0x22, 0x22, 0x60, 0xdf, 0xf8, 0x64, 0x13, 0x06, 0x20, 0x01, 0xf0,
  0xbb, 0xfa, 0x01, 0xf0, 0x58, 0xfb, 0xb1, 0x6a, 0x41, 0x18, 0xdf, 0xf8,
  0x58, 0x03, 0x00, 0x68, 0xd0, 0x31, 0x40, 0x1c, 0xa2, 0x68, 0x52, 0x06,
  0xfc, 0xd5, 0xd7, 0xf8, 0xec, 0x20, 0xfb, 0x6a, 0x43, 0xf0, 0x02, 0x03,
  0xfb, 0x62, 0xfc, 0x6a, 0x89, 0x1a, 0x41, 0x43, 0x24, 0xf0, 0x02, 0x04,
  0xfc, 0x62, 0x00, 0x20, 0xc7, 0xf8, 0xb8, 0x10, 0xc7, 0xf8, 0xbc, 0x00,
  0x39, 0x68, 0x41, 0xf0, 0x02, 0x01, 0x39, 0x60, 0x0f, 0xe0, 0xf1, 0x6a,
  0xb9, 0x42, 0x13, 0xd2, 0x79, 0x1a, 0xbb, 0x4a, 0xa1, 0xfb, 0x02, 0x20,
  0x44, 0x05, 0x24, 0x0e, 0x01, 0x2c, 0x03, 0xdb, 0xf1, 0x69, 0x88, 0x47,
  0x64, 0x1e, 0xfb, 0xd1, 0xf7, 0x62, 0x1d, 0xb1, 0x4f, 0xf4, 0x80, 0x40,
  0xb4, 0x49, 0x08, 0x60, 0x01, 0xb0, 0xf0, 0xbd, 0x8f, 0x42, 0x08, 0xd2,
  0xc9, 0x1b, 0xb0, 0x4b, 0xa1, 0xfb, 0x03, 0x32, 0xd4, 0x08, 0xc4, 0xf1,
  0x03, 0x04, 0xe4, 0xb2, 0xe6, 0xe7, 0x04, 0x28, 0xea, 0xd1, 0x31, 0x78,
  0xae, 0x48, 0x01, 0xeb, 0x41, 0x02, 0x92, 0x00, 0x83, 0x58, 0x9f, 0x42,
  0xe2, 0xd1, 0xb2, 0x88, 0x4f, 0xf4, 0xd0, 0x71, 0xb0, 0x6a, 0x01, 0x24,
  0x4a, 0x43, 0x92, 0x1c, 0x00, 0xeb, 0x92, 0x00, 0xff, 0xf7, 0x26, 0xf9,
  0xd2, 0xe7, 0x9f, 0x4b, 0x9a, 0x78, 0x00, 0x2a, 0x00, 0xd0, 0x70, 0x47,
  0xf0, 0xb4, 0x00, 0xeb, 0x40, 0x04, 0xa2, 0x00, 0xa0, 0x4c, 0x25, 0x1d,
  0x27, 0x1d, 0xae, 0x58, 0x26, 0xf0, 0x80, 0x76, 0xbe, 0x50, 0x18, 0x70,
  0x04, 0x20, 0x99, 0x80, 0xd8, 0x70, 0xf0, 0xbc, 0x70, 0x47, 0x81, 0x00,
  0x00, 0x02, 0x30, 0xb4, 0x92, 0x4a, 0x49, 0x1e, 0x51, 0x70, 0x0d, 0x21,
  0x48, 0x43, 0x53, 0x78, 0x9c, 0x4c, 0x23, 0x60, 0x80, 0x1c, 0x45, 0x10,
  0x00, 0xeb, 0x95, 0x70, 0x80, 0x10, 0xd0, 0x80, 0x30, 0xbc, 0x70, 0x47,
  0x8a, 0x48, 0x40, 0x78, 0x40, 0x1c, 0x00, 0x04, 0x80, 0x0c, 0xc0, 0xb2,
  0x70, 0x47, 0x70, 0xb5, 0x86, 0x4d, 0x00, 0x21, 0xe9, 0x70, 0x00, 0x20,
  0x00, 0xf0, 0xe3, 0xfb, 0x89, 0x4c, 0x68, 0x62, 0x04, 0xf1, 0x0c, 0x02,
  0x8f, 0x49, 0x22, 0x60, 0x00, 0xf5, 0xc0, 0x72, 0x61, 0x60, 0x00, 0xf5,
  0x80, 0x73, 0x21, 0x61, 0x04, 0xf1, 0x18, 0x06, 0xe1, 0x61, 0x00, 0xf5,
  0x00, 0x71, 0x62, 0x61, 0x82, 0x4a, 0x21, 0x62, 0x01, 0x21, 0x20, 0x65,
  0x87, 0x48, 0xa3, 0x60, 0x04, 0xf1, 0x48, 0x03, 0xe6, 0x60, 0x9b, 0x08,
  0xa4, 0x61, 0x9b, 0x00, 0xa4, 0x64, 0x43, 0xf0, 0x01, 0x03, 0xe2, 0x64,
  0x82, 0x4a, 0xc0, 0xf8, 0x04, 0x12, 0x03, 0x21, 0xc0, 0xf8, 0x18, 0x22,
  0x80, 0x4a, 0xc0, 0xf8, 0x1c, 0x32, 0x00, 0x23, 0xc0, 0xf8, 0x20, 0x12,
  0x73, 0x49, 0xc0, 0xf8, 0x2c, 0x22, 0x80, 0x22, 0xc0, 0xf8, 0x30, 0x32,
  0xc0, 0xf8, 0x34, 0x12, 0x7a, 0x49, 0x02, 0x60, 0x07, 0x20, 0x01, 0xf0,
  0xef, 0xf9, 0x68, 0x6a, 0x04, 0xf1, 0x30, 0x02, 0x62, 0x62, 0x77, 0x49,
  0x04, 0xf1, 0x3c, 0x05, 0xa1, 0x62, 0x00, 0xf5, 0x20, 0x73, 0x00, 0xf5,
  0x40, 0x72, 0xe3, 0x62, 0x00, 0xf5, 0x60, 0x70, 0x04, 0xf1, 0x24, 0x03,
  0x60, 0x64, 0x25, 0x63, 0x4f, 0xf0, 0x40, 0x20, 0x61, 0x63, 0xa2, 0x63,
  0xe3, 0x63, 0x21, 0x64, 0xff, 0xf7, 0x32, 0xfa, 0x4f, 0xf0, 0x40, 0x20,
  0x01, 0xf0, 0x32, 0xf8, 0xff, 0xf7, 0xfb, 0xfd, 0x00, 0xf5, 0x80, 0x71,
  0x4f, 0xf0, 0x40, 0x20, 0xff, 0xf7, 0x82, 0xfa, 0x66, 0x48, 0x01, 0xf0,
  0x70, 0xfb, 0x66, 0x48, 0x01, 0xf0, 0x76, 0xfb, 0x65, 0x48, 0x01, 0xf0,
  0x6d, 0xfb, 0x65, 0x48, 0x01, 0xf0, 0x6d, 0xfb, 0x64, 0x48, 0x4f, 0xf0,
  0x40, 0x21, 0xc1, 0xf8, 0xcc, 0x00, 0xbd, 0xe8, 0x70, 0x40, 0xff, 0xf7,
  0xca, 0xb9, 0x2d, 0xe9, 0xf0, 0x41, 0x05, 0x46, 0x0e, 0x20, 0x0c, 0x46,
  0x66, 0x08, 0xff, 0xf7, 0xf0, 0xfa, 0x80, 0x46, 0x0e, 0x20, 0xff, 0xf7,
  0xc1, 0xfa, 0xe0, 0x07, 0x06, 0xf0, 0x01, 0x06, 0x4f, 0xf0, 0x40, 0x27,
  0x04, 0xd5, 0xb9, 0x6b, 0x21, 0xf4, 0x80, 0x51, 0xb9, 0x63, 0x03, 0xe0,
  0xb8, 0x6b, 0x40, 0xf4, 0x80, 0x50, 0xb8, 0x63, 0x00, 0x21, 0x38, 0x46,
  0xff, 0xf7, 0x9c, 0xfa, 0x1e, 0xb1, 0x85, 0x42, 0x38, 0xbf, 0x01, 0x26,
  0x1f, 0xd3, 0x2d, 0x1a, 0x72, 0xb6, 0xbf, 0xf3, 0x5f, 0x8f, 0xd7, 0xf8,
  0x90, 0x00, 0x06, 0xb1, 0x45, 0x19, 0x41, 0x1b, 0x64, 0x29, 0x24, 0xbf,
  0x28, 0x1a, 0x05, 0x28, 0x0b, 0xd3, 0x48, 0x49, 0x88, 0x42, 0x28, 0xbf,
  0x00, 0x26, 0x07, 0xd2, 0x3d, 0x64, 0xb8, 0x6b, 0x02, 0x26, 0x40, 0xf0,
  0x01, 0x00, 0xb8, 0x63, 0x00, 0xe0, 0x01, 0x26, 0xbf, 0xf3, 0x5f, 0x8f,
  0x62, 0xb6, 0x01, 0x2e, 0x03, 0xd1, 0xb8, 0x6b, 0x40, 0xf0, 0x11, 0x00,
  0xb8, 0x63, 0xb8, 0xf1, 0x00, 0x0f, 0x04, 0xbf, 0x0e, 0x20, 0xff, 0xf7,
  0x95, 0xfa, 0x96, 0xb1, 0x01, 0x20, 0x62, 0x07, 0x1f, 0x49, 0x11, 0xd4,
  0x23, 0x07, 0x16, 0xd5, 0x88, 0x70, 0x23, 0x49, 0x01, 0xf1, 0x48, 0x02,
  0x35, 0x4b, 0x8a, 0x64, 0x27, 0x49, 0xcb, 0x60, 0x40, 0xf6, 0xff, 0x74,
  0x0c, 0x60, 0xbd, 0xe8, 0xf0, 0x81, 0x00, 0x20, 0xbd, 0xe8, 0xf0, 0x81,
  0x88, 0x70, 0x1b, 0x49, 0x01, 0xf1, 0x48, 0x03, 0x8b, 0x64, 0xbd, 0xe8,
  0xf0, 0x81, 0x00, 0x22, 0x8a, 0x70, 0xbd, 0xe8, 0xf0, 0x81, 0x10, 0x49,
  0xc8, 0x78, 0x08, 0xb9, 0xff, 0x20, 0x70, 0x47, 0x00, 0x20, 0x70, 0x47,
  0x0c, 0x48, 0x80, 0x6a, 0x70, 0x47, 0x0b, 0x49, 0x88, 0x60, 0x70, 0x47,
  0x09, 0x49, 0xc8, 0x60, 0x70, 0x47, 0x08, 0x49, 0x08, 0x61, 0x70, 0x47,
  0x06, 0x49, 0x48, 0x61, 0x70, 0x47, 0x05, 0x49, 0x88, 0x61, 0x70, 0x47,
  0x03, 0x49, 0xc8, 0x61, 0x70, 0x47, 0x02, 0x49, 0x08, 0x62, 0x70, 0x47,
  0x00, 0x00, 0x00, 0x00, 0xac, 0x45, 0x00, 0x20, 0x24, 0x00, 0x01, 0x40,
  0xab, 0xaa, 0xaa, 0xaa, 0x00, 0xe1, 0x00, 0xe0, 0xc0, 0x40, 0x00, 0x40,
  0x20, 0x00, 0x01, 0x40, 0x94, 0x40, 0x01, 0x20, 0x00, 0xff, 0xff, 0x00,
  0x40, 0x00, 0x00, 0x03, 0x1c, 0x00, 0x01, 0x40, 0x04, 0x40, 0x00, 0x40,
  0x5d, 0x18, 0x00, 0x00, 0x08, 0x40, 0x00, 0x40, 0x34, 0x02, 0x01, 0x40,
  0x20, 0x00, 0x00, 0x03, 0x0c, 0x00, 0x01, 0x40, 0x00, 0x40, 0x00, 0xe2,
  0x11, 0x70, 0x02, 0x07, 0xd7, 0x19, 0x00, 0x00, 0x20, 0x00, 0x00, 0x05,
  0x3f, 0x19, 0x00, 0x00, 0x6d, 0x19, 0x00, 0x00, 0x8b, 0x19, 0x00, 0x00,
  0xbb, 0x19, 0x00, 0x00, 0x11, 0x01, 0xd0, 0x01, 0x01, 0x46, 0xc3, 0x23,
  0xe0, 0xff, 0xff, 0x00, 0x77, 0x49, 0x01, 0x20, 0x00, 0x22, 0x88, 0x75,
  0x4a, 0x60, 0x0a, 0x7d, 0x75, 0x48, 0x00, 0xeb, 0x52, 0x03, 0x93, 0xfb,
  0xf2, 0xf0, 0x00, 0x22, 0x08, 0x82, 0x8a, 0x74, 0x70, 0x47, 0x70, 0xb5,
  0x71, 0x48, 0x6f, 0x4d, 0x04, 0x68, 0x46, 0x68, 0xa8, 0x7d, 0x28, 0xb1,
  0x30, 0x1b, 0x00, 0x22, 0x04, 0xeb, 0x60, 0x01, 0xaa, 0x75, 0x29, 0x60,
  0x2a, 0x46, 0x31, 0x46, 0x20, 0x46, 0x01, 0xf0, 0x87, 0xfa, 0xa9, 0x7c,
  0x39, 0xb1, 0x36, 0x1b, 0xff, 0xf7, 0xda, 0xff, 0x04, 0xeb, 0x66, 0x04,
  0xe8, 0x68, 0xa4, 0xeb, 0x90, 0x00, 0xb5, 0xf9, 0x18, 0x10, 0xfe, 0x38,
  0x40, 0x1a, 0xe8, 0x61, 0x70, 0xbd, 0xf0, 0xb5, 0x81, 0xb0, 0x61, 0x4c,
  0x25, 0x68, 0x61, 0x4e, 0x60, 0x20, 0x30, 0x61, 0x6d, 0x0b, 0x05, 0xf0,
  0x01, 0x05, 0xb0, 0x68, 0x10, 0xf0, 0x60, 0x0f, 0xfb, 0xd1, 0x4f, 0xf4,
  0x00, 0x57, 0xc4, 0xf8, 0x80, 0x70, 0xbf, 0xf3, 0x4f, 0x8f, 0xbf, 0xf3,
  0x6f, 0x8f, 0xc4, 0xf8, 0x80, 0x71, 0xd4, 0xf8, 0x00, 0x01, 0xc0, 0xf3,
  0x40, 0x30, 0x00, 0xb3, 0x30, 0x68, 0xc4, 0xf8, 0x80, 0x71, 0xd4, 0xf8,
  0x00, 0x01, 0xc0, 0xf3, 0x40, 0x30, 0xc0, 0xb1, 0x30, 0x68, 0xc4, 0xf8,
  0x80, 0x71, 0xd4, 0xf8, 0x00, 0x01, 0xc0, 0xf3, 0x40, 0x30, 0x80, 0xb1,
  0x30, 0x68, 0xc4, 0xf8, 0x80, 0x71, 0xd4, 0xf8, 0x00, 0x01, 0xc0, 0xf3,
  0x40, 0x30, 0x40, 0xb1, 0x30, 0x68, 0xc4, 0xf8, 0x80, 0x71, 0xd4, 0xf8,
  0x00, 0x11, 0xc1, 0xf3, 0x40, 0x30, 0x00, 0x28, 0xde, 0xd1, 0xff, 0xf7,
  0x8f, 0xff, 0x3f, 0x49, 0x48, 0x7d, 0x00, 0x28, 0x07, 0xbf, 0x20, 0x22,
  0xf2, 0x60, 0x40, 0x20, 0xf0, 0x60, 0x05, 0xb1, 0x27, 0x60, 0x01, 0xb0,
  0xf0, 0xbd, 0x10, 0xb5, 0x38, 0x48, 0x3d, 0x49, 0x32, 0x22, 0x01, 0x23,
  0x01, 0x83, 0x00, 0x21, 0x02, 0x75, 0x40, 0xf6, 0x4a, 0x42, 0x43, 0x75,
  0x83, 0x23, 0xc1, 0x60, 0x02, 0x81, 0x43, 0x81, 0x00, 0xf0, 0x75, 0xfe,
  0x36, 0x4a, 0x37, 0x4b, 0xa0, 0xfb, 0x02, 0x21, 0x36, 0x48, 0xc9, 0x0c,
  0x4c, 0x1e, 0xe4, 0xb2, 0x04, 0x43, 0x1c, 0x60, 0x00, 0x23, 0x4f, 0xf4,
  0x80, 0x52, 0x4f, 0xf0, 0x20, 0x51, 0x32, 0x48, 0x00, 0xf0, 0xab, 0xff,
  0x31, 0x48, 0x01, 0xf0, 0x44, 0xfa, 0xbd, 0xe8, 0x10, 0x40, 0x8a, 0xe7,
  0x24, 0x48, 0xc0, 0x69, 0x70, 0x47, 0x23, 0x48, 0xc0, 0x68, 0x70, 0x47,
  0x21, 0x49, 0x4a, 0x7d, 0x82, 0x42, 0x1c, 0xbf, 0x48, 0x75, 0xff, 0xf7,
  0x7e, 0xbf, 0x70, 0x47, 0x1d, 0x48, 0x40, 0x7d, 0x70, 0x47, 0x1c, 0x49,
  0x0a, 0x7d, 0x82, 0x42, 0x04, 0xd0, 0x10, 0x28, 0xa4, 0xbf, 0x08, 0x75,
  0xff, 0xf7, 0x71, 0xbf, 0x70, 0x47, 0x17, 0x48, 0x00, 0x7d, 0x70, 0x47,
  0x15, 0x49, 0x08, 0x83, 0x70, 0x47, 0x14, 0x48, 0xb0, 0xf9, 0x18, 0x00,
  0x70, 0x47, 0x30, 0xb4, 0x11, 0x4a, 0xd1, 0x68, 0xe9, 0xb1, 0xd3, 0x69,
  0x18, 0x1a, 0x10, 0xf5, 0x50, 0x70, 0x05, 0xd5, 0x0a, 0x1a, 0x52, 0x1e,
  0xb2, 0xfb, 0xf1, 0xf2, 0x02, 0xfb, 0x01, 0x00, 0xc0, 0xeb, 0x80, 0x13,
  0x48, 0x08, 0x00, 0xeb, 0x83, 0x00, 0x13, 0x4c, 0xb0, 0xfb, 0xf1, 0xf0,
  0x00, 0x21, 0xe0, 0xfb, 0x04, 0x41, 0xc9, 0x09, 0xc1, 0xeb, 0x81, 0x15,
  0xa0, 0xeb, 0x85, 0x00, 0x30, 0xbc, 0xc0, 0xb2, 0x70, 0x47, 0xff, 0x20,
  0x30, 0xbc, 0x70, 0x47, 0x44, 0x46, 0x00, 0x20, 0x40, 0x42, 0x0f, 0x00,
  0xd0, 0x00, 0x00, 0x40, 0x00, 0xe1, 0x00, 0xe0, 0xa4, 0x00, 0x00, 0x40,
  0xa2, 0xfe, 0xff, 0xff, 0x06, 0xbd, 0x37, 0x86, 0xcc, 0x00, 0x00, 0x40,
  0x00, 0x00, 0xfe, 0xfe, 0x00, 0x04, 0x0e, 0x40, 0x23, 0x1e, 0x00, 0x00,
  0x82, 0x20, 0x08, 0x82, 0x09, 0x48, 0x0a, 0x4b, 0x01, 0x68, 0x49, 0x08,
  0x49, 0x00, 0x01, 0x60, 0x02, 0x68, 0x42, 0xf4, 0x80, 0x32, 0x02, 0x60,
  0x19, 0x68, 0x00, 0x29, 0x1c, 0xbf, 0xc0, 0x68, 0x08, 0x47, 0x70, 0x47,
  0x02, 0x49, 0x08, 0x60, 0x70, 0x47, 0x00, 0x00, 0x00, 0xc0, 0x01, 0x40,
  0xf8, 0x46, 0x00, 0x20, 0x30, 0xb4, 0x0c, 0x4c, 0xd4, 0xf8, 0xc0, 0x52,
  0xc4, 0xf8, 0xc4, 0x12, 0xc4, 0xf8, 0xd4, 0x22, 0x4f, 0xf4, 0x80, 0x61,
  0x21, 0x60, 0x3b, 0xb1, 0x02, 0x68, 0x42, 0xf0, 0x02, 0x02, 0x02, 0x60,
  0x03, 0x68, 0x23, 0xf0, 0x02, 0x03, 0x03, 0x60, 0x01, 0x68, 0x41, 0xf0,
  0x01, 0x01, 0x01, 0x60, 0x30, 0xbc, 0x70, 0x47, 0x1c, 0x00, 0x01, 0x40,
  0x62, 0xb3, 0x8b, 0x07, 0x08, 0xd0, 0x52, 0x1e, 0x11, 0xf8, 0x01, 0x3b,
  0x00, 0xf8, 0x01, 0x3b, 0x00, 0xf0, 0x24, 0x80, 0x8b, 0x07, 0xf6, 0xd1,
  0x83, 0x07, 0x40, 0xf0, 0x20, 0x80, 0x00, 0xbf, 0x10, 0x3a, 0x07, 0xd3,
  0x30, 0xb4, 0xb1, 0xe8, 0x38, 0x10, 0x10, 0x3a, 0xa0, 0xe8, 0x38, 0x10,
  0xf9, 0xd2, 0x30, 0xbc, 0x53, 0x07, 0x24, 0xbf, 0xb1, 0xe8, 0x08, 0x10,
  0xa0, 0xe8, 0x08, 0x10, 0x44, 0xbf, 0x51, 0xf8, 0x04, 0x3b, 0x40, 0xf8,
  0x04, 0x3b, 0xd2, 0x07, 0x24, 0xbf, 0x31, 0xf8, 0x02, 0x2b, 0x20, 0xf8,
  0x02, 0x2b, 0x44, 0xbf, 0x0b, 0x78, 0x03, 0x70, 0x70, 0x47, 0x12, 0x1f,
  0x17, 0xd3, 0x5b, 0x00, 0x09, 0xd1, 0x51, 0xf8, 0x04, 0x3b, 0x20, 0xf8,
  0x02, 0x3b, 0x1b, 0x0c, 0x12, 0x1f, 0x20, 0xf8, 0x02, 0x3b, 0xf6, 0xd2,
  0x0b, 0xe0, 0x51, 0xf8, 0x04, 0x3b, 0x00, 0xf8, 0x01, 0x3b, 0x1b, 0x0a,
  0x20, 0xf8, 0x02, 0x3b, 0x1b, 0x0c, 0x12, 0x1f, 0x00, 0xf8, 0x01, 0x3b,
  0xf3, 0xd2, 0x38, 0xbf, 0x12, 0x1d, 0x52, 0x1e, 0x24, 0xbf, 0x11, 0xf8,
  0x01, 0x3b, 0x00, 0xf8, 0x01, 0x3b, 0xf8, 0xd8, 0x70, 0x47, 0x00, 0x00,
  0x70, 0xb5, 0x04, 0x46, 0x0d, 0x46, 0x16, 0x46, 0x18, 0x20, 0xff, 0xf7,
  0x6f, 0xf8, 0x32, 0x46, 0x29, 0x46, 0x20, 0x46, 0x01, 0xf0, 0x52, 0xf9,
  0x18, 0x20, 0xbd, 0xe8, 0x70, 0x40, 0xff, 0xf7, 0x7b, 0xb8, 0x00, 0x20,
  0x01, 0x49, 0x08, 0x70, 0x70, 0x47, 0x00, 0x00, 0xfc, 0x46, 0x00, 0x20,
  0x00, 0x22, 0x01, 0xf0, 0xa7, 0xb9, 0x00, 0x00, 0x70, 0x48, 0x00, 0x21,
  0x01, 0x81, 0x00, 0xf1, 0x0c, 0x02, 0xd2, 0xe9, 0x00, 0x13, 0xc0, 0xe9,
  0x00, 0x13, 0x70, 0x47, 0x2d, 0xe9, 0xf0, 0x43, 0x14, 0x00, 0x6a, 0x4b,
  0x49, 0xd0, 0x01, 0x24, 0x00, 0x25, 0x10, 0xf8, 0x01, 0x8b, 0x00, 0x27,
  0x28, 0xfa, 0x07, 0xfc, 0x5f, 0xea, 0xcc, 0x7c, 0x40, 0xf1, 0x06, 0x80,
  0x13, 0xf8, 0x07, 0xe0, 0x4e, 0xf0, 0x80, 0x0e, 0x03, 0xf8, 0x07, 0xe0,
  0x13, 0xf8, 0x07, 0xc0, 0xc7, 0xf1, 0x07, 0x09, 0x04, 0xfa, 0x09, 0xf9,
  0x09, 0xea, 0x0c, 0x06, 0x00, 0x2e, 0x4f, 0xea, 0x5c, 0x0c, 0x03, 0xf8,
  0x07, 0xc0, 0xc4, 0xbf, 0x04, 0xfa, 0x07, 0xfe, 0x4e, 0xea, 0x05, 0x05,
  0x7f, 0x1c, 0x28, 0xfa, 0x07, 0xfc, 0x5f, 0xea, 0xcc, 0x7e, 0x03, 0xd5,
  0xde, 0x5d, 0x46, 0xf0, 0x80, 0x06, 0xde, 0x55, 0x13, 0xf8, 0x07, 0xc0,
  0xc7, 0xf1, 0x07, 0x0e, 0x04, 0xfa, 0x0e, 0xfe, 0x0e, 0xea, 0x0c, 0x09,
  0xb9, 0xf1, 0x00, 0x0f, 0x4f, 0xea, 0x5c, 0x0c, 0x03, 0xf8, 0x07, 0xc0,
  0xc4, 0xbf, 0x04, 0xfa, 0x07, 0xfe, 0x4e, 0xea, 0x05, 0x05, 0x7f, 0x1c,
  0x08, 0x2f, 0xc1, 0xdb, 0x01, 0xf8, 0x01, 0x5b, 0x1d, 0x89, 0x6d, 0x1c,
  0x52, 0x1e, 0x1d, 0x81, 0xb6, 0xd1, 0x18, 0x89, 0xbd, 0xe8, 0xf0, 0x83,
  0x30, 0xb4, 0x43, 0x48, 0x00, 0x21, 0x01, 0x64, 0x00, 0xf1, 0x44, 0x02,
  0x3a, 0xca, 0x3a, 0xc0, 0x3a, 0xca, 0x3a, 0xc0, 0x00, 0x21, 0x00, 0x22,
  0x00, 0x23, 0x00, 0x24, 0x1e, 0xc0, 0x1e, 0xc0, 0x30, 0xbc, 0x70, 0x47,
  0x8c, 0x46, 0x2d, 0xe9, 0xf0, 0x4f, 0xdf, 0xf8, 0xe4, 0xe0, 0x06, 0x46,
  0xde, 0xf8, 0x40, 0x10, 0x00, 0x27, 0x88, 0xb2, 0x01, 0xeb, 0x02, 0x08,
  0x40, 0x45, 0x60, 0xd2, 0x82, 0x10, 0x34, 0x78, 0x00, 0xeb, 0x52, 0x73,
  0x72, 0x78, 0xdb, 0x10, 0x00, 0x25, 0x04, 0xeb, 0x02, 0x22, 0xf4, 0x78,
  0xa0, 0xeb, 0xc3, 0x01, 0xb3, 0x78, 0x02, 0xeb, 0x03, 0x42, 0x36, 0x1d,
  0x0e, 0xf1, 0x20, 0x09, 0xc9, 0xb2, 0x02, 0xeb, 0x04, 0x62, 0x4b, 0x1b,
  0xdb, 0xb2, 0xf1, 0x2b, 0xa4, 0xbf, 0x08, 0x33, 0xdb, 0xb2, 0x5e, 0xf8,
  0x23, 0x40, 0x59, 0xf8, 0x23, 0xa0, 0xb4, 0xf1, 0x70, 0x4f, 0x2a, 0xea,
  0x04, 0x0a, 0x04, 0xea, 0x02, 0x0b, 0x4b, 0xea, 0x0a, 0x0a, 0x49, 0xf8,
  0x23, 0xa0, 0x0c, 0xbf, 0x0f, 0x24, 0x24, 0x01, 0x4e, 0xf8, 0x23, 0x40,
  0x6d, 0x1c, 0xec, 0xb2, 0x07, 0x2c, 0xe2, 0xdd, 0x07, 0x28, 0x28, 0xdb,
  0x0e, 0xf1, 0x20, 0x01, 0x00, 0x22, 0x51, 0xf8, 0x23, 0x10, 0x08, 0x37,
  0x94, 0x00, 0x21, 0xfa, 0x04, 0xf3, 0x03, 0xf0, 0x0f, 0x03, 0x5f, 0xea,
  0x03, 0x79, 0x48, 0xbf, 0x43, 0xf0, 0xf0, 0x03, 0x5b, 0x00, 0x5b, 0x1c,
  0x52, 0x1c, 0x8c, 0xf8, 0x00, 0x30, 0x94, 0x00, 0x21, 0xfa, 0x04, 0xf3,
  0x03, 0xf0, 0x0f, 0x03, 0x5f, 0xea, 0x03, 0x79, 0x48, 0xbf, 0x43, 0xf0,
  0xf0, 0x03, 0x52, 0x1c, 0x5b, 0x00, 0x5b, 0x1c, 0x8c, 0xf8, 0x01, 0x30,
  0xd3, 0xb2, 0x07, 0x2b, 0x0c, 0xf1, 0x02, 0x0c, 0xdc, 0xdd, 0x40, 0x1c,
  0x80, 0xb2, 0x40, 0x45, 0x9e, 0xd3, 0xce, 0xf8, 0x40, 0x00, 0xb8, 0xb2,
  0xbd, 0xe8, 0xf0, 0x8f, 0xb8, 0x41, 0x00, 0x20, 0x54, 0x41, 0x00, 0x20,
  0x00, 0xf0, 0x0a, 0xb8, 0x0e, 0x28, 0x03, 0x49, 0xa8, 0xbf, 0x06, 0x20,
  0x51, 0xf8, 0x20, 0x00, 0x70, 0x47, 0x00, 0x00, 0x60, 0x6a, 0x00, 0x00,
  0x06, 0x49, 0x07, 0x48, 0x01, 0xf5, 0x60, 0x72, 0x41, 0x60, 0x02, 0x60,
  0x70, 0x47, 0x02, 0x28, 0x03, 0x49, 0xa8, 0xbf, 0x00, 0x20, 0x51, 0xf8,
  0x20, 0x00, 0x70, 0x47, 0x30, 0x38, 0x01, 0x20, 0xec, 0x46, 0x00, 0x20,
  0x2d, 0xe9, 0xf0, 0x43, 0x05, 0x46, 0x00, 0x24, 0x32, 0x2d, 0x81, 0xb0,
  0x0e, 0x46, 0x17, 0x46, 0x00, 0xf2, 0xa1, 0x81, 0xdf, 0xe8, 0x15, 0xf0,
  0x33, 0x00, 0x36, 0x00, 0x3b, 0x00, 0x3e, 0x00, 0x49, 0x00, 0x4d, 0x00,
  0x52, 0x00, 0x58, 0x00, 0x5e, 0x00, 0x63, 0x00, 0x69, 0x00, 0x6f, 0x00,
  0x74, 0x00, 0x7a, 0x00, 0x80, 0x00, 0x85, 0x00, 0x8b, 0x00, 0x96, 0x00,
  0x9c, 0x00, 0x91, 0x00, 0x84, 0x01, 0xa2, 0x00, 0xa9, 0x00, 0xb0, 0x00,
  0xb7, 0x00, 0x4c, 0x01, 0x53, 0x01, 0x5a, 0x01, 0x91, 0x01, 0xbe, 0x00,
  0xc5, 0x00, 0x37, 0x01, 0xcc, 0x00, 0xcc, 0x00, 0xd9, 0x00, 0xd9, 0x00,
  0xd9, 0x00, 0x01, 0x01, 0x01, 0x01, 0x01, 0x01, 0x15, 0x01, 0x24, 0x01,
  0x89, 0x01, 0x30, 0x01, 0x3e, 0x01, 0x45, 0x01, 0x61, 0x01, 0x68, 0x01,
  0x6f, 0x01, 0x7d, 0x01, 0x98, 0x01, 0x0f, 0xf2, 0x88, 0x71, 0xe6, 0xe0,
  0x43, 0xf2, 0x01, 0x65, 0xad, 0xf8, 0x00, 0x50, 0x05, 0xe0, 0x0f, 0xf2,
  0x84, 0x71, 0xde, 0xe0, 0xdf, 0xf8, 0x64, 0x07, 0x00, 0x90, 0x69, 0x46,
  0x30, 0x46, 0xff, 0xf7, 0x3b, 0xfe, 0x20, 0x46, 0x01, 0xb0, 0xbd, 0xe8,
  0xf0, 0x83, 0xdf, 0xf8, 0x54, 0x17, 0x49, 0x68, 0xcf, 0xe0, 0xdf, 0xf8,
  0x4c, 0x07, 0x41, 0x68, 0x09, 0x1d, 0xca, 0xe0, 0xdf, 0xf8, 0x40, 0x37,
  0x58, 0x68, 0x00, 0xf1, 0x08, 0x01, 0xc4, 0xe0, 0xdf, 0xf8, 0x34, 0x17,
  0x4b, 0x68, 0x03, 0xf1, 0x0c, 0x01, 0xbe, 0xe0, 0xdf, 0xf8, 0x28, 0x07,
  0x41, 0x68, 0x10, 0x31, 0xb9, 0xe0, 0xdf, 0xf8, 0x20, 0x37, 0x58, 0x68,
  0x00, 0xf1, 0x14, 0x01, 0xb3, 0xe0, 0xdf, 0xf8, 0x14, 0x17, 0x4b, 0x68,
  0x03, 0xf1, 0x18, 0x01, 0xad, 0xe0, 0xdf, 0xf8, 0x08, 0x07, 0x41, 0x68,
  0x1c, 0x31, 0xa8, 0xe0, 0xdf, 0xf8, 0xfc, 0x36, 0x58, 0x68, 0x00, 0xf1,
  0x20, 0x01, 0xa2, 0xe0, 0xdf, 0xf8, 0xf0, 0x16, 0x4b, 0x68, 0x03, 0xf1,
  0x24, 0x01, 0x9c, 0xe0, 0xdf, 0xf8, 0xe4, 0x06, 0x41, 0x68, 0x28, 0x31,
  0x97, 0xe0, 0xdf, 0xf8, 0xdc, 0x36, 0x58, 0x68, 0x00, 0xf1, 0x2c, 0x01,
  0x91, 0xe0, 0xdf, 0xf8, 0xd0, 0x16, 0x4b, 0x68, 0x03, 0xf1, 0x30, 0x01,
  0x8b, 0xe0, 0xdf, 0xf8, 0xc4, 0x06, 0x41, 0x68, 0x40, 0x31, 0x86, 0xe0,
  0xdf, 0xf8, 0xb8, 0x36, 0x58, 0x68, 0x00, 0xf1, 0x34, 0x01, 0x80, 0xe0,
  0xdf, 0xf8, 0xac, 0x16, 0x4b, 0x68, 0x03, 0xf1, 0x38, 0x01, 0x7a, 0xe0,
  0xfe, 0xf7, 0x6c, 0xfb, 0x30, 0x70, 0x20, 0x46, 0x01, 0xb0, 0xbd, 0xe8,
  0xf0, 0x83, 0xff, 0xf7, 0x8f, 0xf9, 0x30, 0x70, 0x20, 0x46, 0x01, 0xb0,
  0xbd, 0xe8, 0xf0, 0x83, 0xff, 0xf7, 0x92, 0xf9, 0x30, 0x70, 0x20, 0x46,
  0x01, 0xb0, 0xbd, 0xe8, 0xf0, 0x83, 0xff, 0xf7, 0x34, 0xfd, 0x30, 0x60,
  0x20, 0x46, 0x01, 0xb0, 0xbd, 0xe8, 0xf0, 0x83, 0xfe, 0xf7, 0x6d, 0xfb,
  0x30, 0x80, 0x20, 0x46, 0x01, 0xb0, 0xbd, 0xe8, 0xf0, 0x83, 0x01, 0xf0,
  0x48, 0xfc, 0x30, 0x80, 0x20, 0x46, 0x01, 0xb0, 0xbd, 0xe8, 0xf0, 0x83,
  0x00, 0xf0, 0xe0, 0xfa, 0x87, 0x42, 0x40, 0xf0, 0xd2, 0x80, 0xff, 0xf7,
  0x8a, 0xf9, 0x20, 0x2d, 0x3a, 0x46, 0x18, 0xbf, 0x20, 0x30, 0x01, 0x46,
  0x43, 0xe0, 0x00, 0xf0, 0xd3, 0xfa, 0x87, 0x42, 0x40, 0xf0, 0xc5, 0x80,
  0xff, 0xf7, 0x7d, 0xf9, 0x81, 0x46, 0x22, 0x2d, 0x08, 0xbf, 0x09, 0xf1,
  0x40, 0x01, 0x05, 0xd0, 0x23, 0x2d, 0x0c, 0xbf, 0x09, 0xf1, 0x80, 0x01,
  0x09, 0xf1, 0xc0, 0x01, 0x4f, 0xea, 0x57, 0x08, 0x42, 0x46, 0x30, 0x46,
  0xff, 0xf7, 0x8e, 0xfd, 0x22, 0x2d, 0x06, 0xeb, 0x57, 0x00, 0x08, 0xbf,
  0x09, 0xf1, 0x60, 0x01, 0x05, 0xd0, 0x23, 0x2d, 0x0c, 0xbf, 0x09, 0xf1,
  0xa0, 0x01, 0x09, 0xf1, 0xe0, 0x01, 0x42, 0x46, 0x1c, 0xe0, 0x00, 0xf0,
  0xab, 0xfa, 0x87, 0x42, 0x40, 0xf0, 0x9d, 0x80, 0xff, 0xf7, 0x55, 0xf9,
  0x25, 0x2d, 0x08, 0xbf, 0x00, 0xf5, 0xa2, 0x71, 0x05, 0xd0, 0x26, 0x2d,
  0x0c, 0xbf, 0x00, 0xf5, 0xa5, 0x71, 0x00, 0xf5, 0xa6, 0x71, 0x3a, 0x46,
  0x07, 0xe0, 0x44, 0x2f, 0x40, 0xf0, 0x8b, 0x80, 0xff, 0xf7, 0x43, 0xf9,
  0x44, 0x22, 0x00, 0xf5, 0x80, 0x71, 0x30, 0x46, 0xff, 0xf7, 0x60, 0xfd,
  0x20, 0x46, 0x01, 0xb0, 0xbd, 0xe8, 0xf0, 0x83, 0x01, 0x2f, 0x7c, 0xd1,
  0xff, 0xf7, 0x35, 0xf9, 0x00, 0xf5, 0xa9, 0x70, 0x01, 0x78, 0x20, 0x46,
  0x31, 0x70, 0x01, 0xb0, 0xbd, 0xe8, 0xf0, 0x83, 0x01, 0xf0, 0x36, 0xfd,
  0x30, 0x70, 0x20, 0x46, 0x01, 0xb0, 0xbd, 0xe8, 0xf0, 0x83, 0xff, 0xf7,
  0x26, 0xf9, 0x30, 0x70, 0x20, 0x46, 0x01, 0xb0, 0xbd, 0xe8, 0xf0, 0x83,
  0xff, 0xf7, 0x07, 0xf9, 0x30, 0x60, 0x20, 0x46, 0x01, 0xb0, 0xbd, 0xe8,
  0xf0, 0x83, 0xff, 0xf7, 0xfa, 0xf8, 0x30, 0x80, 0x20, 0x46, 0x01, 0xb0,
  0xbd, 0xe8, 0xf0, 0x83, 0xff, 0xf7, 0xaa, 0xfc, 0x30, 0x70, 0x20, 0x46,
  0x01, 0xb0, 0xbd, 0xe8, 0xf0, 0x83, 0xff, 0xf7, 0xb0, 0xfc, 0x30, 0x70,
  0x20, 0x46, 0x01, 0xb0, 0xbd, 0xe8, 0xf0, 0x83, 0xff, 0xf7, 0xaf, 0xfc,
  0x30, 0x80, 0x20, 0x46, 0x01, 0xb0, 0xbd, 0xe8, 0xf0, 0x83, 0x02, 0xf0,
  0xcf, 0xf8, 0x30, 0x80, 0x20, 0x46, 0x01, 0xb0, 0xbd, 0xe8, 0xf0, 0x83,
  0x02, 0xf0, 0xcb, 0xf8, 0x30, 0x80, 0x20, 0x46, 0x01, 0xb0, 0xbd, 0xe8,
  0xf0, 0x83, 0xdf, 0xf8, 0x0c, 0x05, 0x01, 0x68, 0x20, 0x46, 0x01, 0xf4,
  0x80, 0x71, 0x4a, 0x1e, 0x92, 0x41, 0xd2, 0x43, 0xd2, 0x0f, 0x32, 0x70,
  0x01, 0xb0, 0xbd, 0xe8, 0xf0, 0x83, 0x01, 0xf0, 0x93, 0xfb, 0x30, 0x60,
  0x20, 0x46, 0x01, 0xb0, 0xbd, 0xe8, 0xf0, 0x83, 0x34, 0x70, 0x20, 0x46,
  0x01, 0xb0, 0xbd, 0xe8, 0xf0, 0x83, 0xdf, 0xf8, 0xd4, 0x14, 0x20, 0x46,
  0x0a, 0x78, 0x32, 0x70, 0x01, 0xb0, 0xbd, 0xe8, 0xf0, 0x83, 0xff, 0xf7,
  0x57, 0xfc, 0x30, 0x60, 0x20, 0x46, 0x01, 0xb0, 0xbd, 0xe8, 0xf0, 0x83,
  0xff, 0xf7, 0x5e, 0xfa, 0x30, 0x70, 0x20, 0x46, 0x01, 0xb0, 0xbd, 0xe8,
  0xf0, 0x83, 0x39, 0x46, 0x30, 0x46, 0xff, 0xf7, 0x49, 0xfd, 0x01, 0x24,
  0x20, 0x46, 0x01, 0xb0, 0xbd, 0xe8, 0xf0, 0x83, 0x2d, 0xe9, 0xf0, 0x43,
  0x04, 0x46, 0x00, 0x25, 0x32, 0x2c, 0x81, 0xb0, 0x0e, 0x46, 0x17, 0x46,
  0x00, 0xf2, 0xef, 0x81, 0xdf, 0xe8, 0x14, 0xf0, 0xe8, 0x01, 0xe8, 0x01,
  0xe8, 0x01, 0xe8, 0x01, 0x33, 0x00, 0x37, 0x00, 0x3c, 0x00, 0x42, 0x00,
  0x47, 0x00, 0x4d, 0x00, 0x53, 0x00, 0x58, 0x00, 0x5e, 0x00, 0x64, 0x00,
  0x69, 0x00, 0x6f, 0x00, 0x75, 0x00, 0x80, 0x00, 0x86, 0x00, 0x7a, 0x00,
  0x8b, 0x00, 0x95, 0x00, 0x9f, 0x00, 0xb2, 0x00, 0xe8, 0x01, 0x83, 0x01,
  0x8a, 0x01, 0x91, 0x01, 0xe8, 0x01, 0xe8, 0x01, 0xe8, 0x01, 0x7c, 0x01,
  0xc7, 0x00, 0xc7, 0x00, 0xd4, 0x00, 0xd4, 0x00, 0xd4, 0x00, 0x01, 0x01,
  0x01, 0x01, 0x01, 0x01, 0x3b, 0x01, 0x5f, 0x01, 0xb2, 0x01, 0x75, 0x01,
  0xe8, 0x01, 0xe8, 0x01, 0x98, 0x01, 0xe8, 0x01, 0x9f, 0x01, 0xe8, 0x01,
  0xc6, 0x01, 0xdf, 0xf8, 0x18, 0x34, 0x58, 0x68, 0xc3, 0xe0, 0xdf, 0xf8,
  0x10, 0x44, 0x63, 0x68, 0x18, 0x1d, 0xbe, 0xe0, 0xdf, 0xf8, 0x04, 0x04,
  0x44, 0x68, 0x04, 0xf1, 0x08, 0x00, 0xb8, 0xe0, 0xdf, 0xf8, 0xf8, 0x33,
  0x58, 0x68, 0x0c, 0x30, 0xb3, 0xe0, 0xdf, 0xf8, 0xf0, 0x43, 0x63, 0x68,
  0x03, 0xf1, 0x10, 0x00, 0xad, 0xe0, 0xdf, 0xf8, 0xe4, 0x03, 0x44, 0x68,
  0x04, 0xf1, 0x14, 0x00, 0xa7, 0xe0, 0xdf, 0xf8, 0xd8, 0x33, 0x58, 0x68,
  0x18, 0x30, 0xa2, 0xe0, 0xdf, 0xf8, 0xcc, 0x43, 0x63, 0x68, 0x03, 0xf1,
  0x1c, 0x00, 0x9c, 0xe0, 0xdf, 0xf8, 0xc0, 0x03, 0x44, 0x68, 0x04, 0xf1,
  0x20, 0x00, 0x96, 0xe0, 0xdf, 0xf8, 0xb4, 0x33, 0x58, 0x68, 0x24, 0x30,
  0x91, 0xe0, 0xdf, 0xf8, 0xac, 0x43, 0x63, 0x68, 0x03, 0xf1, 0x28, 0x00,
  0x8b, 0xe0, 0xdf, 0xf8, 0xa0, 0x03, 0x44, 0x68, 0x04, 0xf1, 0x2c, 0x00,
  0x85, 0xe0, 0xdf, 0xf8, 0x94, 0x33, 0x58, 0x68, 0x30, 0x30, 0x80, 0xe0,
  0xdf, 0xf8, 0x88, 0x43, 0x63, 0x68, 0x03, 0xf1, 0x40, 0x00, 0x7a, 0xe0,
  0xdf, 0xf8, 0x7c, 0x03, 0x44, 0x68, 0x04, 0xf1, 0x34, 0x00, 0x74, 0xe0,
  0xdf, 0xf8, 0x70, 0x33, 0x58, 0x68, 0x38, 0x30, 0x6f, 0xe0, 0xdf, 0xf8,
  0x68, 0x23, 0x44, 0x21, 0x50, 0x68, 0x02, 0xf0, 0x9d, 0xf8, 0x28, 0x46,
  0x01, 0xb0, 0xbd, 0xe8, 0xf0, 0x83, 0x30, 0x78, 0xfe, 0xf7, 0xc0, 0xf9,
  0x30, 0x78, 0x01, 0xf0, 0xb3, 0xfa, 0x28, 0x46, 0x01, 0xb0, 0xbd, 0xe8,
  0xf0, 0x83, 0x34, 0x78, 0x03, 0x2c, 0x80, 0xf2, 0x4a, 0x81, 0xfe, 0xf7,
  0xe1, 0xff, 0x84, 0x42, 0x00, 0xf0, 0x46, 0x81, 0xfe, 0xf7, 0xa0, 0xf9,
  0xfe, 0xf7, 0xc5, 0xf9, 0x00, 0x28, 0xfb, 0xd1, 0x20, 0x46, 0xfe, 0xf7,
  0xaf, 0xf9, 0x2f, 0xe1, 0x34, 0x78, 0x03, 0x2c, 0x80, 0xf2, 0x37, 0x81,
  0xfe, 0xf7, 0xd8, 0xff, 0x84, 0x42, 0x00, 0xf0, 0x33, 0x81, 0xfe, 0xf7,
  0x8d, 0xf9, 0x00, 0xbf, 0xfe, 0xf7, 0xb1, 0xf9, 0x00, 0x28, 0xfb, 0xd1,
  0x01, 0x21, 0x20, 0x46, 0xfe, 0xf7, 0x5c, 0xff, 0x1a, 0xe1, 0x00, 0xf0,
  0x31, 0xf9, 0x87, 0x42, 0x40, 0xf0, 0x21, 0x81, 0xfe, 0xf7, 0xdb, 0xff,
  0x20, 0x2c, 0x3a, 0x46, 0x31, 0x46, 0x18, 0xbf, 0x20, 0x30, 0x26, 0xe0,
  0x00, 0xf0, 0x24, 0xf9, 0x87, 0x42, 0x40, 0xf0, 0x14, 0x81, 0xfe, 0xf7,
  0xce, 0xff, 0x81, 0x46, 0x22, 0x2c, 0x08, 0xbf, 0x09, 0xf1, 0x40, 0x00,
  0x05, 0xd0, 0x23, 0x2c, 0x0c, 0xbf, 0x09, 0xf1, 0x80, 0x00, 0x09, 0xf1,
  0xc0, 0x00, 0x4f, 0xea, 0x57, 0x08, 0x42, 0x46, 0x31, 0x46, 0xff, 0xf7,
  0xdf, 0xfb, 0x22, 0x2c, 0x06, 0xeb, 0x57, 0x01, 0x08, 0xbf, 0x09, 0xf1,
  0x60, 0x00, 0x05, 0xd0, 0x23, 0x2c, 0x0c, 0xbf, 0x09, 0xf1, 0xa0, 0x00,
  0x09, 0xf1, 0xe0, 0x00, 0x42, 0x46, 0xff, 0xf7, 0xcf, 0xfb, 0x28, 0x46,
  0x01, 0xb0, 0xbd, 0xe8, 0xf0, 0x83, 0x00, 0xf0, 0xf7, 0xf8, 0x87, 0x42,
  0x40, 0xf0, 0xe7, 0x80, 0xfe, 0xf7, 0xa1, 0xff, 0x80, 0x46, 0x25, 0x2c,
  0x08, 0xbf, 0x08, 0xf5, 0xa2, 0x79, 0x05, 0xd0, 0x26, 0x2c, 0x0c, 0xbf,
  0x08, 0xf5, 0xa5, 0x79, 0x08, 0xf5, 0xa6, 0x79, 0x3a, 0x46, 0x31, 0x46,
  0x48, 0x46, 0x02, 0xf0, 0x19, 0xf8, 0x00, 0x28, 0x00, 0xf0, 0xd2, 0x80,
  0xfe, 0xf7, 0x2c, 0xf9, 0xfe, 0xf7, 0x51, 0xf9, 0x00, 0x28, 0xfb, 0xd1,
  0x25, 0x2c, 0x03, 0xd1, 0x3a, 0x46, 0x31, 0x46, 0x48, 0x46, 0x04, 0xe0,
  0x26, 0x2c, 0x3a, 0x46, 0x31, 0x46, 0x48, 0x46, 0x02, 0xd1, 0xff, 0xf7,
  0x9d, 0xfb, 0x07, 0xe0, 0xff, 0xf7, 0x9a, 0xfb, 0x31, 0x78, 0x08, 0xf5,
  0xa5, 0x70, 0x01, 0x70, 0x71, 0x78, 0x41, 0x70, 0xfe, 0xf7, 0x4f, 0xff,
  0xa6, 0xe0, 0x44, 0x2f, 0x40, 0xf0, 0xaf, 0x80, 0xfe, 0xf7, 0x69, 0xff,
  0x04, 0x46, 0x44, 0x22, 0x31, 0x46, 0x04, 0xf5, 0x80, 0x70, 0x01, 0xf0,
  0xeb, 0xff, 0x00, 0x28, 0x00, 0xf0, 0xa4, 0x80, 0xfe, 0xf7, 0xfe, 0xf8,
  0xfe, 0xf7, 0x23, 0xf9, 0x00, 0x28, 0xfb, 0xd1, 0x44, 0x22, 0x31, 0x46,
  0x04, 0xf5, 0x80, 0x70, 0xff, 0xf7, 0x76, 0xfb, 0x04, 0xf5, 0x80, 0x71,
  0x4f, 0xf0, 0x40, 0x20, 0xfe, 0xf7, 0xda, 0xfb, 0xfe, 0xf7, 0x2b, 0xff,
  0x82, 0xe0, 0x01, 0x2f, 0x40, 0xf0, 0x8b, 0x80, 0xfe, 0xf7, 0x45, 0xff,
  0x04, 0x46, 0xfe, 0xf7, 0xe3, 0xf8, 0x00, 0xbf, 0xfe, 0xf7, 0x07, 0xf9,
  0x00, 0x28, 0xfb, 0xd1, 0x31, 0x78, 0x04, 0xf5, 0xa9, 0x70, 0x01, 0x70,
  0xfe, 0xf7, 0x16, 0xfb, 0xfe, 0xf7, 0x15, 0xff, 0x6c, 0xe0, 0x30, 0x78,
  0x01, 0xf0, 0x34, 0xfb, 0x28, 0x46, 0x01, 0xb0, 0xbd, 0xe8, 0xf0, 0x83,
  0x30, 0x78, 0xfe, 0xf7, 0x30, 0xff, 0x28, 0x46, 0x01, 0xb0, 0xbd, 0xe8,
  0xf0, 0x83, 0x30, 0x78, 0xff, 0xf7, 0xb6, 0xfa, 0x28, 0x46, 0x01, 0xb0,
  0xbd, 0xe8, 0xf0, 0x83, 0x30, 0x78, 0xff, 0xf7, 0xba, 0xfa, 0x28, 0x46,
  0x01, 0xb0, 0xbd, 0xe8, 0xf0, 0x83, 0x70, 0x5f, 0xff, 0xf7, 0xc0, 0xfa,
  0x28, 0x46, 0x01, 0xb0, 0xbd, 0xe8, 0xf0, 0x83, 0x30, 0x88, 0x01, 0xf0,
  0xe9, 0xfe, 0x28, 0x46, 0x01, 0xb0, 0xbd, 0xe8, 0xf0, 0x83, 0x30, 0x78,
  0x50, 0x49, 0x38, 0xb9, 0x0a, 0x68, 0x28, 0x46, 0x22, 0xf4, 0x80, 0x72,
  0x0a, 0x60, 0x01, 0xb0, 0xbd, 0xe8, 0xf0, 0x83, 0x08, 0x68, 0x40, 0xf4,
  0x80, 0x70, 0x08, 0x60, 0x28, 0x46, 0x01, 0xb0, 0xbd, 0xe8, 0xf0, 0x83,
  0x34, 0x78, 0x46, 0x4e, 0x31, 0x78, 0xa1, 0x42, 0x36, 0xd0, 0x34, 0xb1,
  0xfe, 0xf7, 0x90, 0xf8, 0x34, 0x70, 0x28, 0x46, 0x01, 0xb0, 0xbd, 0xe8,
  0xf0, 0x83, 0xfe, 0xf7, 0x7b, 0xf8, 0x34, 0x70, 0x28, 0x46, 0x01, 0xb0,
  0xbd, 0xe8, 0xf0, 0x83, 0x34, 0x78, 0xa0, 0x1e, 0x04, 0x28, 0x22, 0xd2,
  0xff, 0xf7, 0x78, 0xf8, 0x84, 0x42, 0x1f, 0xd0, 0xfe, 0xf7, 0x7a, 0xf8,
  0xfe, 0xf7, 0x9f, 0xf8, 0x00, 0x28, 0xfb, 0xd1, 0x01, 0xf0, 0xa0, 0xfe,
  0x01, 0xf0, 0x03, 0xff, 0x00, 0x28, 0xfb, 0xd1, 0x20, 0x46, 0xff, 0xf7,
  0x54, 0xf8, 0x20, 0x46, 0x01, 0xf0, 0x65, 0xf9, 0x01, 0xf0, 0x12, 0xf9,
  0xfe, 0xf7, 0x58, 0xf8, 0x28, 0x46, 0x01, 0xb0, 0xbd, 0xe8, 0xf0, 0x83,
  0x02, 0x25, 0x28, 0x46, 0x01, 0xb0, 0xbd, 0xe8, 0xf0, 0x83, 0x01, 0x25,
  0x28, 0x46, 0x01, 0xb0, 0xbd, 0xe8, 0xf0, 0x83, 0x26, 0x49, 0x01, 0x22,
  0x48, 0x60, 0x00, 0x20, 0x08, 0x70, 0x4a, 0x70, 0x70, 0x47, 0x70, 0x47,
  0x32, 0x28, 0x2d, 0xd8, 0xdf, 0xe8, 0x00, 0xf0, 0x1a, 0x1e, 0x1c, 0x20,
  0x20, 0x20, 0x20, 0x20, 0x20, 0x20, 0x20, 0x20, 0x20, 0x20, 0x20, 0x20,
  0x20, 0x20, 0x20, 0x20, 0x2a, 0x2a, 0x2a, 0x2a, 0x20, 0x2a, 0x2a, 0x1e,
  0x20, 0x1e, 0x1e, 0x2a, 0x22, 0x22, 0x24, 0x24, 0x24, 0x26, 0x1e, 0x26,
  0x28, 0x2a, 0x2a, 0x2a, 0x20, 0x1e, 0x1e, 0x1e, 0x2a, 0x20, 0x2a, 0x00,
  0x08, 0x20, 0x70, 0x47, 0x0b, 0x20, 0x70, 0x47, 0x02, 0x20, 0x70, 0x47,
  0x04, 0x20, 0x70, 0x47, 0x20, 0x20, 0x70, 0x47, 0x40, 0x20, 0x70, 0x47,
  0x06, 0x20, 0x70, 0x47, 0x44, 0x20, 0x70, 0x47, 0x01, 0x20, 0x70, 0x47,
  0x00, 0x20, 0x70, 0x47, 0x30, 0xb5, 0x04, 0x46, 0x08, 0x4d, 0x68, 0x78,
  0x81, 0xb0, 0xa0, 0x42, 0x07, 0xd0, 0x20, 0x00, 0x02, 0xd1, 0xfe, 0xf7,
  0x13, 0xf8, 0x01, 0xe0, 0xfe, 0xf7, 0x02, 0xf8, 0x6c, 0x70, 0x01, 0xb0,
  0x30, 0xbd, 0x00, 0x00, 0x01, 0x00, 0x08, 0x36, 0xe4, 0x46, 0x00, 0x20,
  0x00, 0x18, 0x0e, 0x40, 0x41, 0x54, 0x50, 0x4c, 0x33, 0x36, 0x30, 0x42,
  0x00, 0x00, 0x00, 0x00, 0x33, 0x36, 0x2e, 0x30, 0x38, 0x2e, 0x30, 0x30,
  0x2e, 0x30, 0x31, 0x00, 0x01, 0x28, 0x02, 0xd0, 0x02, 0x28, 0x05, 0xd0,
  0x09, 0xe0, 0x40, 0xf2, 0x01, 0x10, 0x26, 0x49, 0x08, 0x60, 0x70, 0x47,
  0x40, 0xf2, 0x02, 0x22, 0x23, 0x4b, 0x1a, 0x60, 0x70, 0x47, 0x00, 0x20,
  0x21, 0x49, 0x08, 0x60, 0x70, 0x47, 0x20, 0x48, 0x01, 0x68, 0x11, 0xf0,
  0x03, 0x0f, 0x04, 0xd0, 0x00, 0x68, 0xc0, 0x07, 0x03, 0xd4, 0x02, 0x20,
  0x70, 0x47, 0x00, 0x20, 0x70, 0x47, 0x01, 0x20, 0x70, 0x47, 0x19, 0x48,
  0x01, 0x68, 0x11, 0xf0, 0x03, 0x0f, 0x09, 0xd0, 0x01, 0x68, 0xc9, 0x07,
  0x04, 0xd4, 0x00, 0x68, 0x80, 0x07, 0x03, 0xd5, 0x14, 0x48, 0x70, 0x47,
  0x14, 0x48, 0x70, 0x47, 0x14, 0x48, 0x70, 0x47, 0x10, 0x48, 0x01, 0x68,
  0x11, 0xf0, 0x03, 0x0f, 0x09, 0xd0, 0x01, 0x68, 0xc9, 0x07, 0x04, 0xd4,
  0x00, 0x68, 0x80, 0x07, 0x03, 0xd5, 0x0f, 0x48, 0x70, 0x47, 0x0f, 0x48,
  0x70, 0x47, 0x0f, 0x48, 0x70, 0x47, 0x08, 0x48, 0x01, 0x68, 0x11, 0xf0,
  0x03, 0x0f, 0x09, 0xd0, 0x01, 0x68, 0xc9, 0x07, 0x04, 0xd4, 0x00, 0x68,
  0x80, 0x07, 0x03, 0xd5, 0x09, 0x48, 0x70, 0x47, 0x02, 0x48, 0x70, 0x47,
  0x02, 0x48, 0x70, 0x47, 0x10, 0x06, 0x0e, 0x40, 0x80, 0xf9, 0x37, 0x03,
  0x00, 0xf3, 0x6f, 0x06, 0x00, 0xe6, 0xdf, 0x0c, 0x80, 0x8d, 0x5b, 0x00,
  0x00, 0x1b, 0xb7, 0x00, 0x00, 0x36, 0x6e, 0x01, 0xc0, 0xfc, 0x9b, 0x01,
  0xf0, 0xb5, 0x81, 0xb0, 0x04, 0x46, 0xd4, 0xf8, 0xa0, 0x00, 0x00, 0xf0,
  0x0f, 0x00, 0x06, 0x28, 0x07, 0xbf, 0x62, 0x4d, 0x02, 0x26, 0x62, 0x4d,
  0x05, 0x26, 0xff, 0xf7, 0xae, 0xff, 0x61, 0x49, 0x61, 0x4b, 0x09, 0x18,
  0x00, 0xeb, 0x55, 0x00, 0xa1, 0xfb, 0x03, 0x32, 0x36, 0x02, 0x46, 0xf4,
  0x80, 0x36, 0xb0, 0xfb, 0xf5, 0xf0, 0x41, 0x1e, 0x92, 0x0d, 0x09, 0x06,
  0x57, 0x1e, 0x09, 0x0c, 0x07, 0xf0, 0x7f, 0x07, 0x01, 0xf4, 0xf8, 0x51,
  0x0f, 0x43, 0xa7, 0x61, 0x66, 0x61, 0x01, 0xb0, 0xf0, 0xbd, 0x00, 0x00,
  0x2d, 0xe9, 0xf0, 0x4f, 0x04, 0x46, 0x81, 0xb0, 0x53, 0x48, 0x54, 0x49,
  0x60, 0x60, 0xdf, 0xf8, 0x50, 0x81, 0xe1, 0x60, 0x00, 0x27, 0xff, 0xf7,
  0x86, 0xff, 0x06, 0x46, 0x4f, 0xea, 0x96, 0x09, 0x42, 0xf2, 0x10, 0x75,
  0x40, 0xf2, 0x0d, 0x2a, 0xa5, 0xfb, 0x06, 0x01, 0x4d, 0x4a, 0x4f, 0xf6,
  0xff, 0x75, 0x10, 0xeb, 0x08, 0x00, 0x79, 0x41, 0x00, 0x23, 0xfe, 0xf7,
  0x7d, 0xfb, 0xdf, 0xf8, 0x14, 0xe1, 0x28, 0x18, 0xa9, 0xfb, 0x0e, 0xec,
  0x80, 0xb2, 0x82, 0xb2, 0x42, 0xf0, 0x40, 0x51, 0x45, 0x4b, 0x4f, 0xea,
  0xdc, 0x4c, 0x03, 0x43, 0x1a, 0xfb, 0x0c, 0x5c, 0x1f, 0xfa, 0x8c, 0xfc,
  0x40, 0xea, 0x0c, 0x4b, 0xc4, 0xf8, 0x10, 0xb0, 0xe1, 0x61, 0x40, 0x49,
  0x20, 0x62, 0x40, 0xf4, 0xa0, 0x20, 0x63, 0x62, 0x0a, 0x43, 0xa0, 0x62,
  0x00, 0x23, 0xe2, 0x62, 0x34, 0x4a, 0xb0, 0x18, 0x47, 0xeb, 0x03, 0x01,
  0x3a, 0x4a, 0xfe, 0xf7, 0x35, 0xfb, 0x2d, 0x18, 0xad, 0xb2, 0x45, 0xf4,
  0xc0, 0x25, 0x46, 0xf6, 0x78, 0x11, 0x25, 0x63, 0x46, 0xf6, 0x77, 0x10,
  0x21, 0x65, 0x01, 0x23, 0x20, 0x66, 0x27, 0x67, 0xc4, 0xf8, 0x80, 0x30,
  0x61, 0x65, 0x60, 0x66, 0x67, 0x67, 0xc4, 0xf8, 0x84, 0x30, 0xa1, 0x65,
  0xa0, 0x66, 0xa7, 0x67, 0xc4, 0xf8, 0x88, 0x30, 0xe1, 0x65, 0x00, 0x21,
  0xe0, 0x66, 0x2c, 0x48, 0xc4, 0xf8, 0x7c, 0x70, 0xc4, 0xf8, 0x8c, 0x30,
  0x30, 0xf8, 0x11, 0x20, 0x04, 0xf5, 0x80, 0x63, 0x43, 0xf8, 0x21, 0x20,
  0x49, 0x1c, 0x30, 0xf8, 0x11, 0x50, 0x04, 0xf5, 0x80, 0x62, 0x42, 0xf8,
  0x21, 0x50, 0x49, 0x1c, 0x30, 0xf8, 0x11, 0x30, 0x04, 0xf5, 0x80, 0x65,
  0x45, 0xf8, 0x21, 0x30, 0x49, 0x1c, 0x30, 0xf8, 0x11, 0x20, 0x04, 0xf5,
  0x80, 0x63, 0x43, 0xf8, 0x21, 0x20, 0x49, 0x1c, 0x6c, 0x29, 0xe1, 0xdb,
  0x5f, 0xf0, 0x00, 0x01, 0x00, 0xf1, 0xd8, 0x02, 0x04, 0xf5, 0xc0, 0x65,
  0x32, 0xf8, 0x11, 0x30, 0x45, 0xf8, 0x21, 0x30, 0x49, 0x1c, 0x32, 0xf8,
  0x11, 0x30, 0x45, 0xf8, 0x21, 0x30, 0x49, 0x1c, 0x32, 0xf8, 0x11, 0x30,
  0x45, 0xf8, 0x21, 0x30, 0x49, 0x1c, 0x66, 0x29, 0xee, 0xdb, 0x01, 0xb0,
  0xbd, 0xe8, 0xf0, 0x8f, 0x40, 0xf2, 0xfb, 0x10, 0x70, 0x47, 0x0d, 0x48,
  0x70, 0x47, 0x00, 0x00, 0x00, 0x51, 0x25, 0x02, 0x00, 0x1b, 0xb7, 0x00,
  0x80, 0x84, 0x1e, 0x00, 0x06, 0xbd, 0x37, 0x86, 0x01, 0x00, 0x01, 0x02,
  0xa5, 0x52, 0x04, 0x00, 0x62, 0x0f, 0xb3, 0x5b, 0xc5, 0x1e, 0x66, 0xb7,
  0x00, 0x00, 0x6b, 0x10, 0x00, 0x00, 0x65, 0x1c, 0x00, 0x09, 0x3d, 0x00,
  0x38, 0x66, 0x00, 0x00, 0x86, 0xfe, 0xff, 0xff, 0x51, 0x20, 0x70, 0x47,
  0xbf, 0xf3, 0x5f, 0x8f, 0x40, 0x1e, 0xfb, 0xd1, 0x70, 0x47, 0x00, 0x00,
  0xb1, 0xf1, 0x00, 0x6f, 0x30, 0xb4, 0x42, 0x64, 0x0a, 0xd0, 0xb1, 0xf1,
  0x80, 0x5f, 0x15, 0xd0, 0xb1, 0xf1, 0xc0, 0x5f, 0x1b, 0xd0, 0xb1, 0xf1,
  0x00, 0x5f, 0x21, 0xd0, 0x30, 0xbc, 0x70, 0x47, 0x01, 0x6f, 0xd3, 0x43,
  0x04, 0x6f, 0x19, 0x40, 0x21, 0x40, 0x01, 0x67, 0x41, 0x6f, 0x45, 0x6f,
  0x0b, 0x40, 0x2b, 0x40, 0x43, 0x67, 0x42, 0x60, 0x30, 0xbc, 0x70, 0x47,
  0x01, 0x6f, 0x11, 0x43, 0x01, 0x67, 0x41, 0x6f, 0x43, 0x6f, 0x91, 0x43,
  0x19, 0x40, 0x41, 0x67, 0xf3, 0xe7, 0x01, 0x6f, 0x03, 0x6f, 0x91, 0x43,
  0x19, 0x40, 0x01, 0x67, 0x41, 0x6f, 0x11, 0x43, 0x41, 0x67, 0xea, 0xe7,
  0x03, 0x6f, 0x13, 0x43, 0x03, 0x67, 0x41, 0x6f, 0x11, 0x43, 0x41, 0x67,
  0xe3, 0xe7, 0xb1, 0xf1, 0x00, 0x6f, 0x70, 0xb5, 0x04, 0x46, 0x15, 0x46,
  0x18, 0xbf, 0xb1, 0xf1, 0x80, 0x5f, 0x1e, 0x46, 0x10, 0xd0, 0xb1, 0xf1,
  0xc0, 0x5f, 0x18, 0xbf, 0xb1, 0xf1, 0x00, 0x5f, 0x0a, 0xd0, 0xb1, 0xf1,
  0x20, 0x5f, 0x0f, 0xd0, 0xb1, 0xf1, 0x40, 0x5f, 0x18, 0xbf, 0xb1, 0xf1,
  0x60, 0x5f, 0x20, 0xd0, 0x00, 0x20, 0x70, 0xbd, 0xff, 0xf7, 0xac, 0xff,
  0xf0, 0x07, 0x54, 0xbf, 0x25, 0x66, 0x65, 0x66, 0x01, 0x20, 0x70, 0xbd,
  0xf1, 0x07, 0x65, 0x64, 0x4c, 0xbf, 0x65, 0x66, 0x25, 0x66, 0x16, 0xf0,
  0x0a, 0x0f, 0x14, 0xbf, 0x25, 0x62, 0x65, 0x62, 0xb0, 0x07, 0x48, 0xbf,
  0xc4, 0xf8, 0x80, 0x50, 0x03, 0xd4, 0x31, 0x07, 0x48, 0xbf, 0xc4, 0xf8,
  0x84, 0x50, 0x65, 0x61, 0x01, 0x20, 0x25, 0x60, 0x70, 0xbd, 0xb0, 0x08,
  0xb1, 0xf1, 0x60, 0x5f, 0x65, 0x64, 0x00, 0xf0, 0x01, 0x00, 0x0c, 0xbf,
  0x01, 0x21, 0x00, 0x21, 0xf2, 0x07, 0x4c, 0xbf, 0x65, 0x66, 0x25, 0x66,
  0x00, 0x28, 0x14, 0xbf, 0x25, 0x65, 0x65, 0x65, 0x00, 0x29, 0x14, 0xbf,
  0x25, 0x63, 0x65, 0x63, 0x25, 0x61, 0x01, 0x20, 0x25, 0x60, 0x70, 0xbd,
  0x70, 0xb5, 0xc4, 0x6c, 0x80, 0x6c, 0x0d, 0x46, 0x04, 0x40, 0x15, 0xd0,
  0x20, 0x4e, 0x30, 0x68, 0xa8, 0x42, 0x07, 0xd1, 0x71, 0x68, 0x0c, 0x42,
  0x04, 0xd0, 0xb2, 0x68, 0x90, 0x47, 0x70, 0x68, 0x84, 0x43, 0x09, 0xd0,
  0xf0, 0x68, 0xa8, 0x42, 0x06, 0xd1, 0x31, 0x69, 0x0c, 0x42, 0x03, 0xd0,
  0x72, 0x69, 0xbd, 0xe8, 0x70, 0x40, 0x10, 0x47, 0x70, 0xbd, 0xf0, 0xb4,
  0x14, 0x4d, 0xae, 0x69, 0x01, 0x2e, 0x88, 0xbf, 0x01, 0x20, 0x1d, 0xd8,
  0x06, 0xeb, 0x46, 0x07, 0x04, 0x9c, 0x05, 0xeb, 0x87, 0x07, 0x76, 0x1c,
  0x39, 0x60, 0xd9, 0x06, 0x7a, 0x60, 0xbc, 0x60, 0xae, 0x61, 0x0e, 0xd5,
  0x9c, 0x06, 0xc0, 0xf8, 0xb0, 0x20, 0x4c, 0xbf, 0xc0, 0xf8, 0xd4, 0x20,
  0xc0, 0xf8, 0xd0, 0x20, 0x59, 0x06, 0x54, 0xbf, 0xc0, 0xf8, 0xc4, 0x20,
  0xc0, 0xf8, 0xc0, 0x20, 0x01, 0xe0, 0xc0, 0xf8, 0xb4, 0x20, 0x00, 0x20,
  0xf0, 0xbc, 0x70, 0x47, 0x06, 0x21, 0x02, 0x48, 0xb8, 0xe7, 0x00, 0x00,
  0x64, 0x46, 0x00, 0x20, 0x00, 0x04, 0x0e, 0x40, 0x70, 0x47, 0x00, 0x00,
  0x0f, 0x28, 0xbc, 0xbf, 0x0e, 0x4a, 0x42, 0xf8, 0x20, 0x10, 0x70, 0x47,
  0xf0, 0xb5, 0x81, 0xb0, 0x0c, 0x48, 0x00, 0x25, 0x04, 0x68, 0x0a, 0x4f,
  0x0b, 0x4e, 0x74, 0xb1, 0x0f, 0x2d, 0x0c, 0xda, 0xe0, 0x07, 0x05, 0xd5,
  0x06, 0xeb, 0x85, 0x11, 0xca, 0x68, 0x38, 0x68, 0x00, 0xb1, 0x80, 0x47,
  0x6d, 0x1c, 0xed, 0xb2, 0x64, 0x08, 0x3f, 0x1d, 0xef, 0xe7, 0x01, 0xb0,
  0xf0, 0xbd, 0x00, 0x00, 0xb4, 0x44, 0x00, 0x20, 0x18, 0x00, 0x01, 0x40,
  0x50, 0x00, 0x01, 0x40, 0x70, 0xb5, 0x04, 0x46, 0x40, 0xf2, 0x05, 0x12,
  0xe0, 0x6a, 0x3d, 0x4d, 0x3d, 0x4e, 0x6c, 0x23, 0x40, 0xf0, 0x01, 0x00,
  0xe0, 0x62, 0x61, 0x6b, 0x41, 0xf4, 0x00, 0x41, 0x61, 0x63, 0x20, 0x68,
  0x40, 0xf4, 0x80, 0x30, 0x20, 0x60, 0x61, 0x6b, 0x21, 0xf0, 0xf0, 0x51,
  0x61, 0x63, 0x60, 0x6b, 0x35, 0x49, 0x40, 0xf0, 0xc0, 0x60, 0x60, 0x63,
  0x34, 0x48, 0x61, 0x60, 0xa2, 0x60, 0xe0, 0x60, 0x21, 0x69, 0x33, 0x48,
  0x41, 0xf0, 0x01, 0x01, 0x21, 0x61, 0x01, 0x21, 0x60, 0x61, 0x20, 0x46,
  0xa5, 0x61, 0x30, 0x4d, 0xe6, 0x61, 0x2a, 0x46, 0x01, 0xf0, 0x3a, 0xfd,
  0x66, 0x23, 0x05, 0xf1, 0xd8, 0x02, 0x02, 0x21, 0x20, 0x46, 0x01, 0xf0,
  0x33, 0xfd, 0x2b, 0x48, 0x2b, 0x49, 0xc4, 0xf8, 0x88, 0x00, 0x2b, 0x48,
  0xc4, 0xf8, 0x94, 0x10, 0xd4, 0xf8, 0x90, 0x20, 0x29, 0x49, 0x22, 0xf0,
  0x10, 0x02, 0xc4, 0xf8, 0x90, 0x20, 0x28, 0x4a, 0xa0, 0x63, 0x28, 0x48,
  0xe1, 0x63, 0x28, 0x49, 0x22, 0x64, 0x28, 0x4a, 0xa0, 0x66, 0x28, 0x48,
  0xe1, 0x66, 0x28, 0x49, 0x22, 0x67, 0x28, 0x4a, 0x60, 0x67, 0x28, 0x48,
  0x61, 0x64, 0x28, 0x49, 0xa2, 0x64, 0x28, 0x4a, 0xe0, 0x64, 0x28, 0x48,
  0x21, 0x65, 0x28, 0x49, 0x62, 0x65, 0x28, 0x4a, 0xa0, 0x65, 0x28, 0x48,
  0xe1, 0x65, 0x47, 0xf6, 0xf9, 0x71, 0x22, 0x66, 0x60, 0x66, 0x21, 0x63,
  0xd4, 0xf8, 0x90, 0x20, 0x22, 0xf0, 0xc0, 0x02, 0xc4, 0xf8, 0x90, 0x20,
  0xd4, 0xf8, 0x90, 0x00, 0x40, 0xf0, 0xc0, 0x00, 0xc4, 0xf8, 0x90, 0x00,
  0xe1, 0x6a, 0x49, 0x08, 0x49, 0x00, 0xe1, 0x62, 0x60, 0x6b, 0x20, 0xf4,
  0x00, 0x40, 0x60, 0x63, 0x70, 0xbd, 0xd3, 0x20, 0x70, 0x47, 0x1a, 0x48,
  0x70, 0x47, 0x1a, 0x48, 0x70, 0x47, 0x00, 0x00, 0x00, 0x00, 0x65, 0x1c,
  0x00, 0x05, 0x06, 0x00, 0x53, 0x29, 0x02, 0x00, 0x02, 0x00, 0x03, 0x00,
  0x00, 0x00, 0x6b, 0x10, 0x94, 0x64, 0x00, 0x00, 0xde, 0x0d, 0x20, 0x08,
  0xa8, 0x00, 0x0e, 0x00, 0xf7, 0x0e, 0x40, 0x00, 0xf3, 0x33, 0x03, 0x00,
  0x1b, 0x9c, 0x02, 0x00, 0x78, 0x05, 0x3c, 0x00, 0x01, 0x00, 0x0e, 0x00,
  0x01, 0x00, 0x04, 0x00, 0xb0, 0x04, 0x10, 0x00, 0x80, 0x01, 0x80, 0x07,
  0xf0, 0x00, 0x60, 0x01, 0x3c, 0x00, 0x78, 0x00, 0x0f, 0x00, 0x1e, 0x00,
  0x00, 0x05, 0x07, 0x00, 0x40, 0x01, 0x70, 0x01, 0x50, 0x00, 0xa0, 0x00,
  0x14, 0x00, 0x28, 0x00, 0x05, 0x00, 0x0a, 0x00, 0x71, 0x1c, 0xc7, 0x01,
  0xf9, 0xff, 0xff, 0x0f, 0x2d, 0xe9, 0xf0, 0x4f, 0x81, 0xb0, 0x6d, 0x49,
  0xd1, 0xf8, 0x00, 0xa0, 0x0e, 0x20, 0xfe, 0xf7, 0x37, 0xf8, 0x4f, 0xf0,
  0x40, 0x26, 0x6a, 0x4f, 0xd6, 0xf8, 0xc8, 0x80, 0x38, 0x78, 0x01, 0x28,
  0x1b, 0xd1, 0x5f, 0xea, 0x48, 0x21, 0x18, 0xd5, 0x34, 0x6d, 0x30, 0x6e,
  0xd6, 0xf8, 0x08, 0x90, 0xb5, 0x68, 0x28, 0xf4, 0x80, 0x08, 0x24, 0x1a,
  0x09, 0xf1, 0x01, 0x09, 0x29, 0xf0, 0x00, 0x49, 0x6d, 0x1c, 0x4c, 0x44,
  0xff, 0xf7, 0x02, 0xfe, 0x6d, 0x00, 0x3a, 0x69, 0xb4, 0xfb, 0xf5, 0xf1,
  0x51, 0x44, 0x40, 0x18, 0x90, 0x47, 0x02, 0x20, 0x38, 0x70, 0x39, 0x78,
  0x02, 0x29, 0x26, 0xd1, 0x5f, 0xea, 0xc8, 0x60, 0x23, 0xd5, 0x30, 0x69,
  0xd6, 0xf8, 0xa0, 0x40, 0xd6, 0xf8, 0x80, 0x90, 0xb5, 0x68, 0xd6, 0xf8,
  0x08, 0xb0, 0x28, 0xf0, 0x10, 0x08, 0x24, 0x0c, 0x04, 0xeb, 0x10, 0x44,
  0x6d, 0x1c, 0xff, 0xf7, 0xe3, 0xfd, 0x25, 0xf0, 0x00, 0x45, 0x0b, 0xf1,
  0x01, 0x0b, 0xa4, 0x1c, 0x00, 0xeb, 0x0a, 0x01, 0x09, 0xeb, 0x84, 0x09,
  0x4f, 0xea, 0x4b, 0x0b, 0xba, 0x68, 0xa9, 0x44, 0xb9, 0xfb, 0xfb, 0xf0,
  0x09, 0x1a, 0x00, 0x20, 0x90, 0x47, 0x00, 0x21, 0x39, 0x70, 0x5f, 0xea,
  0xc8, 0x70, 0x0d, 0xd5, 0x0e, 0x20, 0xfd, 0xf7, 0xe3, 0xff, 0x00, 0x21,
  0x30, 0x46, 0xfd, 0xf7, 0xcd, 0xff, 0x7a, 0x68, 0x00, 0xeb, 0x0a, 0x01,
  0x00, 0x20, 0x90, 0x47, 0x01, 0x20, 0x38, 0x70, 0x5f, 0xea, 0x48, 0x21,
  0x1c, 0xd5, 0x0e, 0x20, 0xfd, 0xf7, 0xd2, 0xff, 0x38, 0x78, 0x01, 0x28,
  0x16, 0xd1, 0x34, 0x6d, 0x30, 0x6e, 0xd6, 0xf8, 0x08, 0x90, 0xb5, 0x68,
  0x09, 0xf1, 0x01, 0x09, 0x29, 0xf0, 0x00, 0x49, 0x24, 0x1a, 0x4c, 0x44,
  0x6d, 0x1c, 0x6d, 0x00, 0xff, 0xf7, 0xa6, 0xfd, 0xb4, 0xfb, 0xf5, 0xf1,
  0x3a, 0x69, 0x51, 0x44, 0x40, 0x18, 0x90, 0x47, 0x02, 0x20, 0x38, 0x70,
  0x5f, 0xea, 0xc8, 0x61, 0x23, 0xd5, 0x0e, 0x20, 0xfd, 0xf7, 0xb2, 0xff,
  0x30, 0x69, 0xd6, 0xf8, 0xa0, 0x40, 0xd6, 0xf8, 0x80, 0x90, 0xb5, 0x68,
  0x24, 0x0c, 0xd6, 0xf8, 0x08, 0xb0, 0x04, 0xeb, 0x10, 0x44, 0x6d, 0x1c,
  0x25, 0xf0, 0x00, 0x45, 0x0b, 0xf1, 0x01, 0x0b, 0x4f, 0xea, 0x4b, 0x0b,
  0xa4, 0x1c, 0x09, 0xeb, 0x84, 0x09, 0xff, 0xf7, 0x81, 0xfd, 0x50, 0x44,
  0xba, 0x68, 0xa9, 0x44, 0xb9, 0xfb, 0xfb, 0xf1, 0x41, 0x1a, 0x00, 0x20,
  0x90, 0x47, 0x00, 0x20, 0x38, 0x70, 0x5f, 0xea, 0xc8, 0x51, 0x1b, 0xd5,
  0x0e, 0x20, 0xfd, 0xf7, 0x8b, 0xff, 0xd6, 0xf8, 0x50, 0x80, 0x30, 0x6e,
  0xb4, 0x68, 0xb6, 0x68, 0x64, 0x1c, 0x24, 0xf0, 0x00, 0x44, 0xa8, 0xeb,
  0x00, 0x08, 0xa0, 0x44, 0x76, 0x1c, 0x76, 0x00, 0xff, 0xf7, 0x62, 0xfd,
  0xb8, 0xfb, 0xf6, 0xf1, 0x8a, 0x44, 0x00, 0xeb, 0x0a, 0x01, 0xfa, 0x68,
  0x00, 0x20, 0x90, 0x47, 0x00, 0x20, 0x38, 0x70, 0x01, 0xb0, 0xbd, 0xe8,
  0xf0, 0x8f, 0x07, 0x49, 0x48, 0x60, 0x70, 0x47, 0x05, 0x49, 0x88, 0x60,
  0x70, 0x47, 0x04, 0x49, 0xc8, 0x60, 0x70, 0x47, 0x02, 0x49, 0x08, 0x61,
  0x70, 0x47, 0x00, 0x00, 0xec, 0x00, 0x00, 0x40, 0xb0, 0x46, 0x00, 0x20,
  0x30, 0xb4, 0xa1, 0xeb, 0x00, 0x01, 0x52, 0xf8, 0x04, 0x3b, 0x00, 0xeb,
  0x61, 0x00, 0xa3, 0xeb, 0x00, 0x00, 0x47, 0xf6, 0xff, 0x71, 0x00, 0x28,
  0x4c, 0xbf, 0x44, 0x42, 0x04, 0x46, 0x8c, 0x42, 0x82, 0xbf, 0x01, 0x20,
  0x90, 0x73, 0x1c, 0xe0, 0x52, 0xf8, 0x04, 0x1b, 0x32, 0xf8, 0x02, 0x4b,
  0x32, 0xf8, 0x06, 0x5b, 0x10, 0xfb, 0x04, 0x14, 0x10, 0xfb, 0x05, 0x11,
  0x24, 0x14, 0x32, 0xf8, 0x0c, 0x09, 0x44, 0xf1, 0x00, 0x04, 0xa0, 0xeb,
  0x04, 0x00, 0x42, 0xf8, 0x08, 0x1b, 0x85, 0x10, 0x03, 0xeb, 0x00, 0x04,
  0x45, 0xf1, 0x00, 0x05, 0x42, 0xf8, 0x0c, 0x09, 0x14, 0x60, 0xa3, 0xeb,
  0x05, 0x00, 0x30, 0xbc, 0x70, 0x47, 0x00, 0x00, 0x06, 0x48, 0x07, 0x4a,
  0x01, 0x68, 0x10, 0x68, 0x20, 0xb1, 0x01, 0xf0, 0x60, 0x01, 0x60, 0x29,
  0x08, 0xbf, 0x00, 0x47, 0x70, 0x47, 0x02, 0x49, 0x08, 0x60, 0x70, 0x47,
  0xa4, 0x00, 0x00, 0x40, 0xf4, 0x46, 0x00, 0x20, 0x2d, 0xe9, 0xf0, 0x5f,
  0x4f, 0xf0, 0x00, 0x05, 0x43, 0xf2, 0x00, 0x07, 0xce, 0xf2, 0x04, 0x17,
  0x87, 0xf8, 0x08, 0x58, 0x43, 0xf2, 0x00, 0x07, 0xce, 0xf2, 0x00, 0x17,
  0x87, 0xf8, 0x08, 0x5c, 0x26, 0x4b, 0x1b, 0x78, 0xa2, 0xf1, 0x01, 0x02,
  0x10, 0xf8, 0x01, 0x4b, 0x4f, 0xea, 0x84, 0x1b, 0x9b, 0x44, 0x4f, 0xea,
  0x53, 0x03, 0x4f, 0xea, 0x44, 0x1a, 0x9a, 0x44, 0x4f, 0xea, 0x53, 0x03,
  0x4f, 0xea, 0x04, 0x19, 0x99, 0x44, 0x4f, 0xea, 0x53, 0x03, 0x4f, 0xea,
  0xc4, 0x08, 0x98, 0x44, 0x4f, 0xea, 0x53, 0x03, 0x4f, 0xea, 0x84, 0x06,
  0x1e, 0x44, 0x4f, 0xea, 0x53, 0x03, 0x4f, 0xea, 0x44, 0x05, 0x1d, 0x44,
  0x84, 0xea, 0x06, 0x03, 0x83, 0xea, 0x08, 0x03, 0x83, 0xea, 0x0a, 0x03,
  0x83, 0xea, 0x0b, 0x03, 0x93, 0xfa, 0xa3, 0xf3, 0x3b, 0x72, 0x84, 0xea,
  0x05, 0x03, 0x83, 0xea, 0x06, 0x03, 0x83, 0xea, 0x08, 0x03, 0x83, 0xea,
  0x0b, 0x03, 0x93, 0xfa, 0xa3, 0xf3, 0x87, 0xf8, 0x08, 0x32, 0x87, 0xf8,
  0x70, 0x10, 0xce, 0xf2, 0x02, 0x17, 0xd7, 0xf8, 0x20, 0xc0, 0x9c, 0xfa,
  0xac, 0xfc, 0x21, 0xf8, 0x02, 0xcb, 0xce, 0xf2, 0x00, 0x17, 0x4f, 0xea,
  0x94, 0x03, 0x52, 0x1e, 0xba, 0xd5, 0x02, 0x48, 0x03, 0x70, 0xbd, 0xe8,
  0xf0, 0x9f, 0x00, 0x00, 0xfc, 0x46, 0x00, 0x20, 0x62, 0xf3, 0x0f, 0x22,
  0x62, 0xf3, 0x1f, 0x42, 0x40, 0x18, 0x10, 0xf0, 0x03, 0x03, 0x08, 0xd0,
  0xc9, 0x1a, 0x1f, 0xd3, 0xdb, 0x07, 0x48, 0xbf, 0x00, 0xf8, 0x01, 0x2d,
  0x28, 0xbf, 0x20, 0xf8, 0x02, 0x2d, 0x13, 0x00, 0x30, 0xb4, 0x14, 0x46,
  0x15, 0x46, 0x10, 0x39, 0x28, 0xbf, 0x20, 0xe9, 0x3c, 0x00, 0xfa, 0xd8,
  0x49, 0x07, 0x28, 0xbf, 0x20, 0xe9, 0x0c, 0x00, 0x48, 0xbf, 0x40, 0xf8,
  0x04, 0x2d, 0x89, 0x00, 0x28, 0xbf, 0x20, 0xf8, 0x02, 0x2d, 0x48, 0xbf,
  0x00, 0xf8, 0x01, 0x2d, 0x30, 0xbc, 0x70, 0x47, 0xc9, 0x18, 0x18, 0xbf,
  0x00, 0xf8, 0x01, 0x2d, 0xcb, 0x07, 0x28, 0xbf, 0x00, 0xf8, 0x01, 0x2d,
  0x70, 0x47, 0x00, 0x00, 0xdf, 0xed, 0x20, 0x0a, 0xb4, 0xee, 0x60, 0x0a,
  0xf1, 0xee, 0x10, 0xfa, 0x00, 0xb5, 0x81, 0xb0, 0x48, 0xbf, 0xdf, 0xf8,
  0x94, 0x08, 0x0f, 0xd4, 0x9f, 0xed, 0x1b, 0x1a, 0xb4, 0xee, 0x41, 0x0a,
  0xf1, 0xee, 0x10, 0xfa, 0xa8, 0xbf, 0x47, 0xf6, 0xff, 0x70, 0x05, 0xda,
  0xfd, 0xf7, 0x12, 0xff, 0xbd, 0xee, 0xc0, 0x0a, 0x10, 0xee, 0x10, 0x0a,
  0x00, 0xb2, 0x01, 0xb0, 0x00, 0xbd, 0x70, 0xb5, 0x04, 0x46, 0x11, 0x20,
  0xfd, 0xf7, 0x76, 0xfe, 0xdf, 0xf8, 0x60, 0x08, 0x81, 0x6c, 0x02, 0x8b,
  0x24, 0x31, 0x11, 0x44, 0x11, 0xf8, 0x04, 0x2c, 0x11, 0xf8, 0x03, 0x3c,
  0x11, 0xf8, 0x02, 0x6c, 0x11, 0xf8, 0x01, 0x1c, 0x02, 0xeb, 0x03, 0x25,
  0x05, 0xeb, 0x06, 0x45, 0x05, 0xeb, 0x01, 0x65, 0xac, 0x42, 0x0c, 0xbf,
  0x01, 0x21, 0x00, 0x21, 0x80, 0xf8, 0x21, 0x10, 0x00, 0x21, 0x80, 0xf8,
  0x2d, 0x10, 0x70, 0xbd, 0x00, 0x00, 0x00, 0xc7, 0x01, 0xfe, 0xff, 0x46,
  0x2d, 0xe9, 0xf1, 0x4f, 0xdf, 0xf8, 0x18, 0x58, 0x2d, 0xed, 0x04, 0x8b,
  0xa9, 0x6c, 0x88, 0xb0, 0x0a, 0x68, 0x01, 0x92, 0x01, 0x98, 0x0c, 0x1d,
  0x04, 0xf1, 0x10, 0x02, 0x00, 0x94, 0xcb, 0x69, 0x0c, 0x99, 0x01, 0xf0,
  0xf5, 0xfa, 0x29, 0x8e, 0x21, 0xb9, 0x00, 0x98, 0x00, 0x22, 0xc0, 0xe9,
  0x02, 0x22, 0x29, 0x87, 0x00, 0x99, 0xa8, 0x6c, 0xd0, 0xed, 0x08, 0x8a,
  0x18, 0xee, 0x90, 0x4a, 0xd1, 0xe9, 0x04, 0x01, 0x00, 0x29, 0x04, 0xbf,
  0x00, 0x28, 0x01, 0x20, 0x04, 0xb9, 0x01, 0x24, 0xfd, 0xf7, 0x86, 0xfe,
  0x00, 0xee, 0x90, 0x4a, 0x00, 0xee, 0x10, 0x0a, 0x95, 0xf8, 0x28, 0x00,
  0xf8, 0xee, 0x60, 0x0a, 0x9f, 0xed, 0xa4, 0x8a, 0x80, 0xee, 0x20, 0x0a,
  0x20, 0xee, 0x08, 0x0a, 0xb5, 0xee, 0x40, 0x0a, 0xf1, 0xee, 0x10, 0xfa,
  0xb8, 0xee, 0x68, 0x1a, 0x98, 0xbf, 0x9f, 0xed, 0x9f, 0x0a, 0x00, 0x26,
  0x08, 0x28, 0xc1, 0xee, 0x00, 0x8a, 0x41, 0xda, 0x95, 0xed, 0x15, 0x0a,
  0x0c, 0x98, 0x30, 0xee, 0x28, 0x0a, 0x29, 0x46, 0x85, 0xed, 0x15, 0x0a,
  0x00, 0x24, 0x01, 0xf0, 0xd3, 0xfa, 0xe8, 0x8e, 0x2f, 0x8f, 0x6f, 0xf4,
  0x00, 0x58, 0x4f, 0xf0, 0xff, 0x39, 0x40, 0x1c, 0xe8, 0x86, 0x7f, 0x1c,
  0x2f, 0x87, 0xbf, 0xb2, 0x01, 0xf0, 0x1a, 0xff, 0x01, 0x28, 0xc4, 0xbf,
  0xc7, 0x19, 0xbf, 0xb2, 0x00, 0x98, 0xd0, 0xe9, 0x00, 0x23, 0xcd, 0xe9,
  0x06, 0x23, 0x00, 0x9a, 0xdd, 0xe9, 0x06, 0xab, 0xb8, 0xeb, 0x0a, 0x00,
  0x69, 0xeb, 0x0b, 0x01, 0xd2, 0xe9, 0x02, 0x23, 0xcd, 0xe9, 0x04, 0x23,
  0x00, 0x9a, 0xd2, 0xe9, 0x04, 0xab, 0xdd, 0xe9, 0x04, 0x23, 0xcd, 0xe9,
  0x02, 0xab, 0x82, 0x1a, 0x61, 0xeb, 0x03, 0x03, 0xdd, 0xe9, 0x02, 0x89,
  0x99, 0x45, 0x20, 0xd3, 0x01, 0xd8, 0x90, 0x45, 0x1d, 0xd3, 0xdd, 0xf8,
  0x00, 0xe0, 0xce, 0xe9, 0x02, 0x01, 0x22, 0xe0, 0x0c, 0x98, 0x02, 0xa9,
  0xcd, 0xe9, 0x02, 0x66, 0x01, 0xf0, 0x96, 0xfa, 0x95, 0xed, 0x16, 0x0a,
  0xf4, 0xee, 0x40, 0x8a, 0xf1, 0xee, 0x10, 0xfa, 0x08, 0xd4, 0xdd, 0xe9,
  0x02, 0x01, 0xd5, 0xe9, 0x02, 0x23, 0x99, 0x42, 0xaa, 0xd8, 0x28, 0xbf,
  0x90, 0x42, 0xa7, 0xd2, 0x01, 0x26, 0x00, 0x24, 0x57, 0xe0, 0xdd, 0xe9,
  0x04, 0x01, 0xdd, 0xe9, 0x02, 0x23, 0xdd, 0xf8, 0x00, 0xc0, 0x82, 0x18,
  0x4b, 0x41, 0xcc, 0xe9, 0x02, 0x23, 0xdd, 0xf8, 0x00, 0xe0, 0x3a, 0x46,
  0xdd, 0xe9, 0x06, 0x89, 0xde, 0xe9, 0x02, 0xab, 0x1a, 0xeb, 0x08, 0x08,
  0x4b, 0xeb, 0x09, 0x09, 0x18, 0xeb, 0x67, 0x00, 0x49, 0xeb, 0xe7, 0x71,
  0x00, 0x23, 0x00, 0x9f, 0xfd, 0xf7, 0x64, 0xfe, 0xc7, 0xe9, 0x04, 0x01,
  0xa8, 0x6c, 0xdd, 0xf8, 0x00, 0xc0, 0x01, 0x99, 0xc2, 0x69, 0x0c, 0x98,
  0x0c, 0xf1, 0x10, 0x03, 0x01, 0xf0, 0x69, 0xfa, 0xaa, 0x6c, 0x0c, 0x99,
  0xd1, 0x61, 0x29, 0x8e, 0x4a, 0x08, 0x53, 0x08, 0x02, 0xeb, 0x93, 0x77,
  0xeb, 0x6c, 0xbf, 0x08, 0xa2, 0xeb, 0x87, 0x02, 0xcf, 0x07, 0x92, 0xb2,
  0x58, 0xbf, 0x00, 0xf0, 0x0f, 0x00, 0x06, 0xd5, 0x13, 0xf8, 0x02, 0xc0,
  0x03, 0x2a, 0x4c, 0xea, 0x00, 0x10, 0x08, 0xbf, 0x01, 0x24, 0x98, 0x54,
  0x49, 0x1c, 0x6a, 0x8e, 0x88, 0xb2, 0x29, 0x86, 0x90, 0x42, 0x08, 0xbf,
  0x01, 0x26, 0x00, 0x2c, 0x1c, 0xbf, 0x68, 0x8f, 0x00, 0x28, 0x08, 0xd0,
  0x00, 0x05, 0x00, 0x0c, 0x89, 0xb2, 0x88, 0x42, 0x03, 0xda, 0x09, 0x1a,
  0xc9, 0x10, 0x85, 0xf8, 0x28, 0x10, 0x56, 0xea, 0x04, 0x00, 0x39, 0xd0,
  0x00, 0x22, 0x0c, 0xb1, 0x01, 0x22, 0x0a, 0xe0, 0x95, 0xf8, 0x28, 0x00,
  0x08, 0x28, 0x06, 0xd1, 0xe8, 0x6c, 0x77, 0x21, 0x01, 0x22, 0x01, 0x70,
  0x41, 0x70, 0x81, 0x70, 0xc1, 0x70, 0x29, 0x6d, 0xe8, 0x6c, 0xfe, 0xf7,
  0x43, 0xfd, 0x01, 0x00, 0x02, 0xd1, 0x31, 0x00, 0x00, 0xf0, 0x5f, 0x81,
  0x02, 0x46, 0xa8, 0x6c, 0x33, 0x46, 0x00, 0xf1, 0x24, 0x01, 0x28, 0x6d,
  0x01, 0xf0, 0x74, 0xfe, 0x01, 0x46, 0x68, 0x8f, 0xb0, 0xb9, 0xa9, 0xb1,
  0xa8, 0x6c, 0x2a, 0x8e, 0x90, 0xf8, 0x24, 0x10, 0x49, 0x1c, 0x69, 0x87,
  0x49, 0x00, 0x19, 0x31, 0xc9, 0x00, 0x69, 0x86, 0x89, 0xb2, 0x8a, 0x42,
  0xc0, 0xf0, 0x45, 0x81, 0x00, 0xf1, 0x24, 0x01, 0x28, 0x6d, 0x01, 0x23,
  0x00, 0x22, 0x01, 0xf0, 0x5b, 0xfe, 0x02, 0xe0, 0x00, 0x2e, 0x00, 0xf0,
  0x3a, 0x81, 0x00, 0xf0, 0x25, 0xff, 0x28, 0x8e, 0x69, 0x8f, 0xea, 0x6b,
  0xa8, 0x86, 0xa8, 0x6c, 0x29, 0x83, 0x24, 0x30, 0x90, 0x47, 0x95, 0xf8,
  0x2c, 0x00, 0x00, 0x28, 0x60, 0xd0, 0x29, 0x8b, 0x04, 0x29, 0x5d, 0xdd,
  0xa8, 0x6c, 0x90, 0xf8, 0x24, 0x10, 0x90, 0xf8, 0x25, 0x20, 0x81, 0xf0,
  0xff, 0x01, 0x80, 0xf8, 0x24, 0x10, 0x90, 0xf8, 0x26, 0x10, 0x82, 0xf0,
  0xff, 0x02, 0x80, 0xf8, 0x25, 0x20, 0x90, 0xf8, 0x27, 0x20, 0x81, 0xf0,
  0xff, 0x01, 0x80, 0xf8, 0x26, 0x10, 0x82, 0xf0, 0xff, 0x02, 0x80, 0xf8,
  0x27, 0x20, 0xdf, 0xf8, 0x5c, 0x05, 0xfe, 0xf7, 0xe9, 0xfb, 0x01, 0x20,
  0x85, 0xf8, 0x2d, 0x00, 0x11, 0x20, 0xfd, 0xf7, 0xd1, 0xfc, 0x28, 0x8b,
  0xa9, 0x6c, 0x01, 0x23, 0x02, 0x1f, 0x92, 0xb2, 0x24, 0x31, 0xdf, 0xf8,
  0x40, 0x05, 0xfe, 0xf7, 0xe1, 0xfb, 0x00, 0x21, 0xdf, 0xf8, 0x38, 0x25,
  0x00, 0x23, 0x0d, 0xe0, 0x00, 0x00, 0x80, 0x42, 0x01, 0x00, 0x00, 0x00,
  0x08, 0x46, 0x41, 0x1c, 0x90, 0x42, 0x05, 0xd1, 0x5f, 0xf0, 0xfe, 0x00,
  0x85, 0xf8, 0x21, 0x00, 0x85, 0xf8, 0x2d, 0x30, 0x95, 0xf8, 0x2d, 0x00,
  0x00, 0x28, 0xf1, 0xd1, 0xa8, 0x6c, 0x90, 0xf8, 0x24, 0x10, 0x90, 0xf8,
  0x25, 0x20, 0x81, 0xf0, 0xff, 0x01, 0x80, 0xf8, 0x24, 0x10, 0x90, 0xf8,
  0x26, 0x10, 0x82, 0xf0, 0xff, 0x02, 0x80, 0xf8, 0x25, 0x20, 0x90, 0xf8,
  0x27, 0x20, 0x81, 0xf0, 0xff, 0x01, 0x80, 0xf8, 0x26, 0x10, 0x82, 0xf0,
  0xff, 0x02, 0x80, 0xf8, 0x27, 0x20, 0x02, 0xe0, 0xff, 0x20, 0x85, 0xf8,
  0x21, 0x00, 0xd5, 0xe9, 0x00, 0x01, 0xfd, 0xf7, 0x01, 0xfd, 0xe9, 0x8e,
  0x00, 0xee, 0x10, 0x0a, 0x00, 0xee, 0x90, 0x1a, 0xf8, 0xee, 0x60, 0x0a,
  0x80, 0xee, 0x20, 0x0a, 0xb5, 0xee, 0x40, 0x0a, 0xf1, 0xee, 0x10, 0xfa,
  0x06, 0xdd, 0x01, 0xf0, 0x5d, 0xfe, 0xb2, 0xee, 0x04, 0x1a, 0x60, 0xee,
  0x01, 0x8a, 0x01, 0xe0, 0xfa, 0xee, 0x04, 0x8a, 0x95, 0xed, 0x17, 0x0a,
  0xb8, 0xee, 0x40, 0x0a, 0xb5, 0xee, 0x40, 0x0a, 0xf1, 0xee, 0x10, 0xfa,
  0x06, 0xdd, 0x01, 0xf0, 0x4b, 0xfe, 0xf3, 0xee, 0x04, 0x0a, 0x20, 0xee,
  0x20, 0x0a, 0x01, 0xe0, 0xbb, 0xee, 0x04, 0x0a, 0x9f, 0xed, 0x5c, 0x1a,
  0x38, 0xee, 0x81, 0x1a, 0x31, 0xee, 0x40, 0x0a, 0xb5, 0xee, 0x40, 0x0a,
  0xf1, 0xee, 0x10, 0xfa, 0x48, 0xbf, 0x00, 0x20, 0x0e, 0xd4, 0xdf, 0xed,
  0xce, 0x0a, 0xb4, 0xee, 0x60, 0x0a, 0xf1, 0xee, 0x10, 0xfa, 0xa8, 0xbf,
  0xff, 0x20, 0x05, 0xda, 0xfd, 0xf7, 0xf4, 0xfc, 0xbc, 0xee, 0xc0, 0x0a,
  0x10, 0xee, 0x10, 0x0a, 0x85, 0xf8, 0x20, 0x00, 0xa8, 0x6c, 0xd0, 0xed,
  0x08, 0x8a, 0xd0, 0xe9, 0x03, 0x01, 0x00, 0x29, 0x18, 0xee, 0x90, 0x4a,
  0x04, 0xbf, 0x00, 0x28, 0x01, 0x20, 0x04, 0xb9, 0x01, 0x24, 0xfd, 0xf7,
  0xab, 0xfc, 0x00, 0xee, 0x90, 0x4a, 0x00, 0xee, 0x10, 0x0a, 0x28, 0x8e,
  0xf8, 0xee, 0x60, 0x0a, 0x80, 0xee, 0x20, 0x0a, 0x20, 0xee, 0x08, 0x0a,
  0xb5, 0xee, 0x40, 0x0a, 0xf1, 0xee, 0x10, 0xfa, 0x00, 0xee, 0x90, 0x0a,
  0xf8, 0xee, 0x60, 0x0a, 0x98, 0xbf, 0x9f, 0xed, 0xca, 0x0a, 0x80, 0xee,
  0x20, 0x8a, 0x95, 0xed, 0x15, 0x0a, 0x80, 0xee, 0x20, 0x0a, 0xb5, 0xee,
  0x40, 0x0a, 0xf1, 0xee, 0x10, 0xfa, 0x9f, 0xed, 0xc5, 0x9a, 0x04, 0xdd,
  0x01, 0xf0, 0xf2, 0xfd, 0x20, 0xee, 0x09, 0x0a, 0x01, 0xe0, 0x9f, 0xed,
  0xc2, 0x0a, 0x30, 0xee, 0x09, 0x0a, 0xb5, 0xee, 0x40, 0x0a, 0xf1, 0xee,
  0x10, 0xfa, 0x48, 0xbf, 0x00, 0x20, 0x0e, 0xd4, 0xdf, 0xed, 0xbd, 0x0a,
  0xb4, 0xee, 0x60, 0x0a, 0xf1, 0xee, 0x10, 0xfa, 0xa8, 0xbf, 0xff, 0x20,
  0x05, 0xda, 0xfd, 0xf7, 0xa1, 0xfc, 0xbd, 0xee, 0xc0, 0x0a, 0x10, 0xee,
  0x10, 0x0a, 0xb8, 0xee, 0x68, 0x0a, 0xe8, 0x77, 0x80, 0xee, 0x08, 0x0a,
  0xb5, 0xee, 0x40, 0x0a, 0xf1, 0xee, 0x10, 0xfa, 0x04, 0xdd, 0x01, 0xf0,
  0xc9, 0xfd, 0x20, 0xee, 0x09, 0x0a, 0x01, 0xe0, 0x9f, 0xed, 0xad, 0x0a,
  0xff, 0xf7, 0x60, 0xfd, 0x29, 0x8e, 0xa8, 0x83, 0x95, 0xf8, 0x29, 0x20,
  0x68, 0x20, 0x41, 0x43, 0x28, 0x32, 0x10, 0xfb, 0x02, 0x10, 0x68, 0x61,
  0x28, 0x69, 0x09, 0x18, 0x29, 0x61, 0x01, 0xf0, 0x29, 0xff, 0x29, 0x6c,
  0x28, 0x66, 0x05, 0xf1, 0x10, 0x00, 0x88, 0x47, 0x01, 0x20, 0x85, 0xf8,
  0x2b, 0x00, 0x00, 0xf0, 0x15, 0xfe, 0x08, 0xb0, 0xbd, 0xec, 0x04, 0x8b,
  0x01, 0xb0, 0xbd, 0xe8, 0xf0, 0x8f, 0x30, 0xb5, 0xca, 0x4d, 0x81, 0xb0,
  0x04, 0x46, 0x29, 0x46, 0x01, 0xf0, 0xa4, 0xf8, 0xea, 0x8e, 0x52, 0x1c,
  0xea, 0x86, 0x01, 0xf0, 0x67, 0xfa, 0x01, 0x46, 0x20, 0x46, 0x01, 0xf0,
  0xa5, 0xf8, 0x05, 0x46, 0x29, 0x46, 0x20, 0x46, 0x01, 0xf0, 0xc8, 0xfc,
  0x28, 0x46, 0x01, 0xb0, 0x30, 0xbd, 0x00, 0x00, 0x66, 0x66, 0xda, 0x42,
  0x2d, 0xe9, 0xf0, 0x41, 0x06, 0x46, 0xbc, 0x4d, 0x2d, 0xed, 0x02, 0x8b,
  0x95, 0xf8, 0x2b, 0x00, 0x80, 0x1e, 0x03, 0x28, 0x00, 0xf2, 0xdd, 0x80,
  0xdf, 0xe8, 0x00, 0xf0, 0x02, 0x23, 0x3d, 0xd5, 0x30, 0x46, 0xff, 0xf7,
  0xd2, 0xff, 0x95, 0xf8, 0x2e, 0x20, 0x90, 0x42, 0x0a, 0xd1, 0x01, 0x21,
  0x03, 0x23, 0x29, 0x86, 0x85, 0xf8, 0x2b, 0x30, 0xbd, 0xec, 0x02, 0x8b,
  0xbd, 0xe8, 0xf0, 0x41, 0x01, 0xf0, 0x8c, 0xba, 0x85, 0xf8, 0x2e, 0x00,
  0x28, 0x8e, 0x95, 0xf8, 0x2a, 0x10, 0x40, 0x1c, 0x28, 0x86, 0x80, 0xb2,
  0x88, 0x42, 0x40, 0xf0, 0xbc, 0x80, 0x00, 0xf0, 0xc5, 0xfd, 0x03, 0x20,
  0xa8, 0xe0, 0x30, 0x46, 0xff, 0xf7, 0xb1, 0xff, 0x29, 0x8e, 0xa7, 0x4a,
  0xca, 0x40, 0x02, 0xf0, 0x01, 0x02, 0x82, 0x42, 0x40, 0xf0, 0x9b, 0x80,
  0x49, 0x1c, 0x29, 0x86, 0x89, 0xb2, 0x20, 0x29, 0x40, 0xf0, 0xa7, 0x80,
  0x00, 0x20, 0x04, 0x21, 0x28, 0x86, 0x85, 0xf8, 0x2b, 0x10, 0xbd, 0xec,
  0x02, 0x8b, 0xbd, 0xe8, 0xf0, 0x81, 0x30, 0x46, 0xff, 0xf7, 0x97, 0xff,
  0x29, 0x8e, 0x33, 0x22, 0xca, 0x40, 0x02, 0xf0, 0x01, 0x02, 0x82, 0x42,
  0x40, 0xf0, 0x81, 0x80, 0x49, 0x1c, 0x29, 0x86, 0x89, 0xb2, 0x08, 0x29,
  0x40, 0xf0, 0x8d, 0x80, 0x00, 0x20, 0x41, 0xf2, 0xc8, 0x02, 0x05, 0x21,
  0x28, 0x86, 0x85, 0xf8, 0x28, 0x00, 0x6a, 0x86, 0x68, 0x87, 0x85, 0xf8,
  0x2b, 0x10, 0x68, 0x65, 0x01, 0xf0, 0xe8, 0xfa, 0x01, 0xf0, 0x6e, 0xfd,
  0x01, 0xf0, 0xd6, 0xfb, 0xa8, 0x6c, 0x07, 0x1d, 0x01, 0xf0, 0x72, 0xfc,
  0x80, 0x46, 0xa9, 0x6c, 0x91, 0xed, 0x08, 0x8a, 0xd7, 0xe9, 0x00, 0x01,
  0x00, 0x29, 0x18, 0xee, 0x10, 0x4a, 0x04, 0xbf, 0x00, 0x28, 0x01, 0x20,
  0x04, 0xb9, 0x01, 0x24, 0xfd, 0xf7, 0x9a, 0xfb, 0x00, 0xee, 0x90, 0x4a,
  0x00, 0xee, 0x10, 0x0a, 0xf8, 0xee, 0x60, 0x0a, 0x80, 0xee, 0x20, 0x0a,
  0xdf, 0xed, 0x75, 0x0a, 0x20, 0xee, 0x20, 0x0a, 0xb5, 0xee, 0x40, 0x0a,
  0xf1, 0xee, 0x10, 0xfa, 0x01, 0xee, 0x10, 0x8a, 0xb8, 0xee, 0x41, 0x1a,
  0x98, 0xbf, 0x9f, 0xed, 0x41, 0x0a, 0xf8, 0xee, 0x48, 0x0a, 0x80, 0xee,
  0x01, 0x0a, 0x80, 0xee, 0x80, 0x8a, 0xb5, 0xee, 0x40, 0x8a, 0xf1, 0xee,
  0x10, 0xfa, 0x08, 0xdd, 0xb0, 0xee, 0x48, 0x0a, 0x01, 0xf0, 0xe0, 0xfc,
  0xdf, 0xed, 0x39, 0x0a, 0x20, 0xee, 0x20, 0x0a, 0x01, 0xe0, 0x9f, 0xed,
  0x38, 0x0a, 0xff, 0xf7, 0x75, 0xfc, 0xea, 0x8e, 0x68, 0x83, 0x00, 0x23,
  0x9f, 0xed, 0x61, 0x0a, 0xd5, 0xe9, 0x00, 0x01, 0xac, 0x6c, 0x28, 0xee,
  0x00, 0x0a, 0xd2, 0x00, 0x80, 0x18, 0x59, 0x41, 0x40, 0x1e, 0x61, 0xf1,
  0x00, 0x01, 0x85, 0xed, 0x16, 0x0a, 0xfd, 0xf7, 0xc9, 0xfb, 0xc5, 0xe9,
  0x02, 0x01, 0xe6, 0x61, 0xfe, 0xf7, 0xe2, 0xfa, 0x01, 0xf0, 0x82, 0xfc,
  0x00, 0xf0, 0x28, 0xfe, 0x04, 0x46, 0xfe, 0xf7, 0x9e, 0xf9, 0xa8, 0x77,
  0x2c, 0x61, 0xbd, 0xec, 0x02, 0x8b, 0xbd, 0xe8, 0xf0, 0x81, 0x00, 0xf0,
  0x1b, 0xfd, 0x01, 0x20, 0x69, 0x6c, 0x88, 0x47, 0x01, 0x20, 0x85, 0xf8,
  0x2b, 0x00, 0xbd, 0xec, 0x02, 0x8b, 0xbd, 0xe8, 0xf0, 0x81, 0xbd, 0xec,
  0x02, 0x8b, 0x30, 0x46, 0xbd, 0xe8, 0xf0, 0x41, 0x82, 0xe4, 0xbd, 0xec,
  0x02, 0x8b, 0xbd, 0xe8, 0xf0, 0x81, 0x00, 0x00, 0x01, 0xff, 0x7f, 0x47,
  0x30, 0xb5, 0x45, 0x4c, 0x81, 0xb0, 0x05, 0x46, 0xe1, 0x65, 0x01, 0xf0,
  0xe8, 0xfb, 0x01, 0x21, 0x28, 0x46, 0x01, 0xf0, 0xc7, 0xfb, 0x00, 0x20,
  0x01, 0x25, 0x20, 0x86, 0x01, 0xb0, 0xe0, 0x86, 0xc4, 0xe9, 0x00, 0x00,
  0x02, 0x20, 0x84, 0xf8, 0x2e, 0x50, 0x84, 0xf8, 0x2b, 0x00, 0x30, 0xbd,
  0x00, 0xb5, 0x81, 0xb0, 0x00, 0xf0, 0x82, 0xfd, 0x00, 0xf0, 0xe1, 0xfd,
  0x40, 0xb9, 0x01, 0x20, 0x35, 0x49, 0x81, 0xf8, 0x2b, 0x00, 0x01, 0xb0,
  0x5d, 0xf8, 0x04, 0xeb, 0x00, 0xf0, 0xdc, 0xbc, 0x01, 0xb0, 0x00, 0xbd,
  0x01, 0x00, 0x00, 0x00, 0x00, 0x00, 0x20, 0x42, 0x00, 0x00, 0x20, 0xc2,
  0x01, 0x00, 0x7f, 0x43, 0x10, 0xb5, 0x2c, 0x4c, 0x00, 0x21, 0x01, 0x22,
  0x84, 0xb0, 0x84, 0xf8, 0x2b, 0x10, 0x03, 0x20, 0x84, 0xf8, 0x2c, 0x20,
  0xfe, 0xf7, 0x0a, 0xfb, 0xe0, 0x64, 0x09, 0x20, 0xfe, 0xf7, 0x06, 0xfb,
  0x20, 0x65, 0x06, 0x20, 0xfe, 0xf7, 0x02, 0xfb, 0xa0, 0x64, 0x24, 0x30,
  0x60, 0x62, 0x00, 0xf0, 0x7b, 0xfd, 0x25, 0x48, 0x00, 0xf0, 0xd4, 0xfd,
  0x24, 0x48, 0x00, 0xf0, 0xce, 0xfd, 0xa0, 0x6c, 0x01, 0xf0, 0xa3, 0xfb,
  0x01, 0xf0, 0xcd, 0xfd, 0x07, 0x20, 0xfe, 0xf7, 0xef, 0xfa, 0x00, 0xf1,
  0xc0, 0x02, 0x03, 0x90, 0x00, 0xf1, 0x40, 0x03, 0x02, 0x92, 0x01, 0x93,
  0x01, 0x20, 0xfe, 0xf7, 0xe5, 0xfa, 0x00, 0x90, 0x68, 0x46, 0x01, 0xf0,
  0x20, 0xfc, 0x04, 0xb0, 0x10, 0xbd, 0x11, 0x49, 0xc2, 0x00, 0xc0, 0x00,
  0x00, 0x1f, 0x81, 0xf8, 0x29, 0x20, 0x81, 0xf8, 0x2a, 0x00, 0x70, 0x47,
  0x0c, 0x49, 0x81, 0xf8, 0x2c, 0x00, 0x70, 0x47, 0x0a, 0x49, 0xc8, 0x63,
  0x70, 0x47, 0x09, 0x49, 0x08, 0x64, 0x70, 0x47, 0x07, 0x49, 0x48, 0x64,
  0x70, 0x47, 0x06, 0x48, 0x80, 0x8e, 0x70, 0x47, 0x04, 0x48, 0x00, 0x6e,
  0x70, 0x47, 0x00, 0x00, 0x00, 0x00, 0x80, 0x42, 0x00, 0x00, 0x00, 0x3d,
  0x00, 0x80, 0xff, 0xff, 0xf0, 0x44, 0x00, 0x20, 0x47, 0x35, 0x00, 0x00,
  0x00, 0xc0, 0x01, 0x40, 0xa0, 0x86, 0x01, 0x00, 0x26, 0xe3, 0x4a, 0x01,
  0xbd, 0x3a, 0x00, 0x00, 0x9d, 0x3c, 0x00, 0x00, 0x00, 0xf0, 0xfe, 0xbc,
  0x10, 0xb5, 0x04, 0x46, 0x60, 0x7a, 0x08, 0xb1, 0xff, 0xf7, 0x76, 0xff,
  0x21, 0x7a, 0xb0, 0x48, 0x01, 0x29, 0x08, 0xd1, 0xb0, 0xf8, 0x56, 0x30,
  0x02, 0x68, 0x41, 0x68, 0x52, 0x1c, 0x02, 0x60, 0xcb, 0x18, 0x43, 0x60,
  0x25, 0xe0, 0x81, 0x68, 0x49, 0x1c, 0x81, 0x60, 0x22, 0x7a, 0x92, 0x1e,
  0x0a, 0x2a, 0x1e, 0xd8, 0xdf, 0xe8, 0x02, 0xf0, 0x06, 0x0a, 0x0e, 0x0a,
  0x1d, 0x12, 0x1d, 0x1d, 0x1d, 0x16, 0x1a, 0x00, 0x41, 0x69, 0x49, 0x1c,
  0x41, 0x61, 0x12, 0xe0, 0x02, 0x69, 0x52, 0x1c, 0x02, 0x61, 0x0e, 0xe0,
  0xc1, 0x68, 0x49, 0x1c, 0xc1, 0x60, 0x0a, 0xe0, 0x82, 0x69, 0x52, 0x1c,
  0x82, 0x61, 0x06, 0xe0, 0x01, 0x6a, 0x49, 0x1c, 0x01, 0x62, 0x02, 0xe0,
  0xc2, 0x69, 0x52, 0x1c, 0xc2, 0x61, 0x41, 0x6c, 0x19, 0xb1, 0x20, 0x46,
  0xbd, 0xe8, 0x10, 0x40, 0x08, 0x47, 0x10, 0xbd, 0x93, 0x4a, 0x10, 0xb4,
  0x53, 0x6a, 0x94, 0x6a, 0x5b, 0x1c, 0x81, 0xb0, 0x53, 0x62, 0x64, 0x18,
  0x94, 0x62, 0x92, 0x6c, 0x12, 0xb1, 0x01, 0xb0, 0x10, 0xbc, 0x10, 0x47,
  0x01, 0xb0, 0x10, 0xbc, 0x70, 0x47, 0x41, 0x7c, 0x8a, 0x4a, 0x00, 0x29,
  0x18, 0xbf, 0xfe, 0x29, 0x02, 0xd1, 0x11, 0x6c, 0x49, 0x1c, 0x11, 0x64,
  0xd1, 0x6c, 0x00, 0x29, 0x18, 0xbf, 0x08, 0x47, 0x70, 0x47, 0x01, 0x28,
  0x04, 0xd0, 0x12, 0xd3, 0x03, 0x28, 0x0b, 0xd0, 0x05, 0xd3, 0x0e, 0xe0,
  0x80, 0x48, 0x81, 0x6b, 0x49, 0x1c, 0x81, 0x63, 0x70, 0x47, 0x7e, 0x48,
  0x01, 0x6b, 0x49, 0x1c, 0x01, 0x63, 0x70, 0x47, 0x7b, 0x48, 0x41, 0x6b,
  0x49, 0x1c, 0x41, 0x63, 0x70, 0x47, 0x79, 0x48, 0xc1, 0x6a, 0x49, 0x1c,
  0xc1, 0x62, 0x70, 0x47, 0x76, 0x49, 0x09, 0x6d, 0x00, 0x29, 0x18, 0xbf,
  0x08, 0x47, 0x70, 0x47, 0x30, 0xb5, 0x73, 0x4c, 0x01, 0x21, 0x81, 0xb0,
  0x84, 0xf8, 0x54, 0x10, 0x0c, 0x20, 0x71, 0x4d, 0xfd, 0xf7, 0x94, 0xf9,
  0x0d, 0x20, 0xfd, 0xf7, 0x91, 0xf9, 0x0e, 0x20, 0xfd, 0xf7, 0x8e, 0xf9,
  0x11, 0x20, 0xfd, 0xf7, 0x8b, 0xf9, 0x6c, 0x48, 0x6c, 0x49, 0xc5, 0xf8,
  0xec, 0x02, 0x6c, 0x48, 0xc5, 0xf8, 0xd8, 0x12, 0x6b, 0x4a, 0x42, 0x60,
  0x00, 0x23, 0x83, 0x60, 0x4f, 0xf4, 0x69, 0x71, 0x01, 0x60, 0x11, 0x20,
  0xfd, 0xf7, 0x90, 0xf9, 0x00, 0x20, 0xfe, 0xf7, 0x31, 0xfe, 0x94, 0xf8,
  0x54, 0x20, 0x01, 0x21, 0x4f, 0xf0, 0x80, 0x40, 0x00, 0xf0, 0x40, 0xfd,
  0x01, 0x20, 0x4f, 0xf0, 0x62, 0x41, 0xc5, 0xf8, 0xc4, 0x01, 0x00, 0x22,
  0xc5, 0xf8, 0xd4, 0x11, 0x5e, 0x48, 0xc5, 0xf8, 0xe8, 0x21, 0x40, 0x21,
  0xc5, 0xf8, 0xec, 0x01, 0x4f, 0xf0, 0x80, 0x40, 0x29, 0x60, 0x00, 0x25,
  0xff, 0xf7, 0x68, 0xf8, 0xfe, 0xf7, 0xe6, 0xf9, 0xfc, 0xf7, 0x19, 0xfd,
  0x04, 0x20, 0xfd, 0xf7, 0xf0, 0xfd, 0x56, 0x48, 0xfc, 0xf7, 0x29, 0xfe,
  0x55, 0x48, 0xfd, 0xf7, 0xff, 0xfe, 0xff, 0xf7, 0xc5, 0xfe, 0x04, 0x20,
  0xff, 0xf7, 0xf9, 0xfe, 0x52, 0x48, 0xff, 0xf7, 0x03, 0xff, 0x52, 0x48,
  0xff, 0xf7, 0x03, 0xff, 0x51, 0x48, 0xff, 0xf7, 0x03, 0xff, 0x51, 0x48,
  0x00, 0xf0, 0xa9, 0xfc, 0xff, 0xf7, 0x9a, 0xfe, 0xfd, 0xf7, 0xb1, 0xff,
  0x1f, 0x20, 0x4f, 0xf0, 0x80, 0x41, 0xc1, 0xf8, 0xb4, 0x00, 0x04, 0xf1,
  0x44, 0x02, 0x00, 0x20, 0x00, 0x21, 0x00, 0x23, 0x82, 0xe8, 0x2b, 0x00,
  0x20, 0x46, 0x60, 0x24, 0xfe, 0xf7, 0x86, 0xfd, 0x01, 0xf0, 0xe1, 0xfd,
  0x45, 0x48, 0x4f, 0xf4, 0x80, 0x71, 0xc0, 0xf8, 0x80, 0x11, 0x20, 0x22,
  0x80, 0xf8, 0x08, 0x23, 0x40, 0x23, 0x01, 0x60, 0x4f, 0xf4, 0x80, 0x41,
  0xc0, 0xf8, 0x80, 0x11, 0x4f, 0xf4, 0x00, 0x52, 0x80, 0xf8, 0x0e, 0x33,
  0x01, 0x60, 0x4f, 0xf4, 0x00, 0x71, 0xc0, 0xf8, 0x80, 0x11, 0x80, 0xf8,
  0x09, 0x33, 0x01, 0x60, 0x4f, 0xf4, 0x00, 0x31, 0xc0, 0xf8, 0x80, 0x31,
  0x80, 0xf8, 0x06, 0x33, 0x03, 0x60, 0x80, 0x23, 0xc0, 0xf8, 0x80, 0x11,
  0x80, 0xf8, 0x11, 0x43, 0x01, 0x60, 0x4f, 0xf4, 0x80, 0x51, 0x80, 0xf8,
  0x0d, 0x43, 0x02, 0x60, 0xc0, 0xf8, 0x80, 0x11, 0x80, 0xf8, 0x0c, 0x33,
  0x01, 0x60, 0x4f, 0xf4, 0x00, 0x41, 0xc0, 0xf8, 0x80, 0x11, 0x80, 0xf8,
  0x0f, 0x33, 0x01, 0x60, 0x01, 0xb0, 0x0e, 0x20, 0xbd, 0xe8, 0x30, 0x40,
  0xfd, 0xf7, 0x00, 0xb9, 0x01, 0x46, 0x19, 0x48, 0x80, 0xf8, 0x54, 0x10,
  0x4f, 0xf0, 0x80, 0x40, 0x00, 0xf0, 0x3c, 0xbd, 0x15, 0x48, 0x90, 0xf8,
  0x54, 0x00, 0x70, 0x47, 0x00, 0xb5, 0x81, 0xb0, 0x01, 0xf0, 0x16, 0xfe,
  0xfe, 0xf7, 0x3b, 0xfd, 0x10, 0x49, 0x91, 0xf8, 0x54, 0x00, 0x00, 0x28,
  0x04, 0xd0, 0x1c, 0x4a, 0x10, 0x68, 0xc0, 0x04, 0x00, 0xd4, 0x30, 0xbf,
  0x01, 0xb0, 0x00, 0xbd, 0x30, 0xb4, 0x19, 0x49, 0x90, 0xe8, 0x3c, 0x00,
  0x81, 0xe8, 0x3c, 0x00, 0x30, 0xbc, 0x70, 0x47, 0x10, 0xb5, 0x04, 0x46,
  0xfc, 0xf7, 0xb9, 0xfc, 0xa1, 0x88, 0x04, 0xf1, 0x09, 0x00, 0xfc, 0xf7,
  0x47, 0xfd, 0xa0, 0x88, 0x01, 0x49, 0xa1, 0xf8, 0x56, 0x00, 0x10, 0xbd,
  0x54, 0x45, 0x00, 0x20, 0x0c, 0x00, 0x01, 0x40, 0x11, 0x60, 0x01, 0x0a,
  0x00, 0xc0, 0x00, 0xe2, 0x00, 0xc0, 0x01, 0x40, 0xb7, 0x1d, 0xc1, 0x04,
  0x01, 0x10, 0x04, 0x06, 0xd5, 0x3d, 0x00, 0x00, 0xd1, 0x3d, 0x00, 0x00,
  0x55, 0x3e, 0x00, 0x00, 0x77, 0x3e, 0x00, 0x00, 0x93, 0x3e, 0x00, 0x00,
  0xc9, 0x3e, 0x00, 0x00, 0x00, 0xe1, 0x00, 0xe0, 0x34, 0x00, 0x00, 0x40,
  0x98, 0x45, 0x00, 0x20, 0x2d, 0xe9, 0xf0, 0x43, 0xdf, 0xf8, 0x00, 0x48,
  0xdf, 0xf8, 0x00, 0x68, 0xa0, 0x7e, 0xdf, 0xf8, 0xfc, 0xe7, 0x25, 0x6c,
  0x23, 0x7e, 0x81, 0xb0, 0x00, 0xf1, 0x0c, 0x02, 0xd2, 0xb2, 0x11, 0x1f,
  0x08, 0x3a, 0x82, 0xfb, 0x06, 0x76, 0x05, 0xeb, 0x80, 0x10, 0x81, 0xfb,
  0x0e, 0x8e, 0x03, 0xf1, 0x20, 0x23, 0x76, 0x10, 0x06, 0xeb, 0xd6, 0x76,
  0x4f, 0xea, 0x6e, 0x0e, 0x0e, 0xeb, 0xde, 0x7e, 0x06, 0xeb, 0x46, 0x0c,
  0x0e, 0xeb, 0x4e, 0x09, 0xa2, 0xeb, 0x8c, 0x02, 0xa1, 0xeb, 0x89, 0x01,
  0x12, 0x06, 0x05, 0xeb, 0x92, 0x42, 0x09, 0x06, 0x05, 0xeb, 0x91, 0x41,
  0x01, 0xf0, 0xa5, 0xfe, 0x0f, 0x20, 0xfd, 0xf7, 0x63, 0xf8, 0xdf, 0xf8,
  0xa8, 0x07, 0x01, 0x68, 0x21, 0xf0, 0x00, 0x71, 0x01, 0x60, 0x02, 0x68,
  0x42, 0xf0, 0x00, 0x72, 0x02, 0x60, 0x81, 0x68, 0xc1, 0xf3, 0x09, 0x03,
  0x09, 0x2b, 0x0c, 0xbf, 0x08, 0x39, 0x49, 0x1c, 0x81, 0x60, 0x01, 0x20,
  0xa0, 0x77, 0x20, 0x7e, 0x01, 0xb0, 0x40, 0x28, 0x0c, 0xbf, 0x00, 0x20,
  0x08, 0x30, 0x20, 0x76, 0xbd, 0xe8, 0xf0, 0x83, 0x00, 0xf1, 0x18, 0x01,
  0x00, 0x22, 0xf0, 0xb5, 0x00, 0x23, 0x05, 0x20, 0x31, 0xf9, 0x02, 0x4b,
  0x31, 0xf9, 0x02, 0x5b, 0x31, 0xf9, 0x02, 0x6b, 0x31, 0xf9, 0x02, 0x7b,
  0x12, 0x19, 0x31, 0xf9, 0x02, 0xcb, 0x5b, 0x19, 0x92, 0x19, 0x31, 0xf9,
  0x02, 0xeb, 0xdb, 0x19, 0x31, 0xf9, 0x02, 0x4b, 0x62, 0x44, 0x31, 0xf9,
  0x02, 0x5b, 0x73, 0x44, 0x12, 0x19, 0x5b, 0x19, 0x40, 0x1e, 0xe5, 0xd1,
  0x10, 0x32, 0x10, 0x33, 0x10, 0x11, 0x19, 0x11, 0x02, 0xeb, 0xd0, 0x62,
  0x03, 0xeb, 0xd1, 0x63, 0xd2, 0x02, 0x12, 0x14, 0xdb, 0x02, 0x1b, 0x14,
  0xc2, 0xea, 0x03, 0x40, 0xf0, 0xbd, 0x2d, 0xe9, 0xf0, 0x41, 0x0a, 0x20,
  0xdf, 0xf8, 0x00, 0x57, 0xfe, 0xf7, 0x9e, 0xf8, 0x04, 0x46, 0xd5, 0xf8,
  0x40, 0x80, 0xae, 0x8c, 0x08, 0xeb, 0x86, 0x01, 0x06, 0xf1, 0x20, 0x00,
  0xc0, 0x28, 0x0f, 0xdd, 0xc6, 0xf1, 0xc0, 0x02, 0x92, 0x00, 0x20, 0x46,
  0xb7, 0x00, 0xfd, 0xf7, 0x35, 0xff, 0x7f, 0x42, 0xa6, 0xf1, 0xa0, 0x02,
  0xe0, 0x19, 0x92, 0x00, 0x41, 0x46, 0x00, 0xf5, 0x40, 0x70, 0x01, 0xe0,
  0x80, 0x22, 0x20, 0x46, 0xfd, 0xf7, 0x28, 0xff, 0x20, 0x36, 0xb1, 0xb2,
  0xc0, 0x29, 0xd5, 0xe9, 0x00, 0x01, 0xa8, 0xbf, 0xc0, 0x3e, 0x10, 0xf1,
  0x20, 0x02, 0x41, 0xf1, 0x00, 0x03, 0xae, 0x84, 0x20, 0x46, 0xc5, 0xe9,
  0x00, 0x23, 0xbd, 0xe8, 0xf0, 0x41, 0x99, 0xe7, 0x2d, 0xe9, 0xf0, 0x43,
  0xdf, 0xf8, 0x94, 0x56, 0x81, 0xb0, 0xa9, 0x6b, 0x05, 0xf1, 0x08, 0x02,
  0xdf, 0xf8, 0x94, 0x06, 0x01, 0xf0, 0xb2, 0xfd, 0xaa, 0x7d, 0x04, 0x46,
  0x05, 0x2a, 0x0c, 0xd1, 0xdf, 0xf8, 0x88, 0x66, 0x30, 0x68, 0x40, 0xf4,
  0x80, 0x50, 0x30, 0x60, 0x29, 0x6b, 0x01, 0x20, 0x88, 0x47, 0x30, 0x68,
  0x40, 0xf0, 0x00, 0x40, 0x30, 0x60, 0xa9, 0x7d, 0x04, 0x29, 0x0c, 0xdc,
  0xdf, 0xf8, 0x68, 0x66, 0x30, 0x68, 0x20, 0xf4, 0x80, 0x50, 0x30, 0x60,
  0x29, 0x6b, 0x00, 0x20, 0x88, 0x47, 0x30, 0x68, 0x20, 0xf0, 0x00, 0x40,
  0x30, 0x60, 0xa9, 0x7d, 0xa8, 0x7e, 0x06, 0x29, 0x58, 0xd1, 0x04, 0xeb,
  0x00, 0x10, 0x4a, 0xf6, 0xab, 0x23, 0xa0, 0x30, 0x80, 0xb2, 0x43, 0x43,
  0xdb, 0x0d, 0x03, 0xeb, 0x43, 0x01, 0xa0, 0xeb, 0x81, 0x10, 0xa8, 0x84,
  0xa8, 0x8c, 0x00, 0xf1, 0x60, 0x01, 0x89, 0xb2, 0xc0, 0x29, 0xa8, 0xbf,
  0xc0, 0x39, 0xc2, 0x08, 0x09, 0x11, 0x00, 0xeb, 0x12, 0x73, 0x1b, 0x09,
  0xa0, 0xeb, 0x03, 0x10, 0x86, 0xb2, 0x2e, 0xb9, 0xc8, 0xb2, 0x00, 0x28,
  0x0c, 0xbf, 0x0b, 0x21, 0x49, 0x1e, 0x10, 0x20, 0x69, 0x76, 0x69, 0x7e,
  0x80, 0xb2, 0x40, 0xf0, 0xa0, 0x60, 0x20, 0x3c, 0x01, 0xeb, 0x41, 0x02,
  0x91, 0x00, 0xdf, 0xf8, 0xf4, 0x25, 0x02, 0xf1, 0xd8, 0x03, 0x56, 0x18,
  0x53, 0x50, 0x70, 0x60, 0xd5, 0xe9, 0x00, 0x89, 0x18, 0xeb, 0x04, 0x00,
  0x49, 0xeb, 0xe4, 0x71, 0xc5, 0xe9, 0x00, 0x01, 0xff, 0xf7, 0x5b, 0xff,
  0xdf, 0xf8, 0xcc, 0x25, 0x02, 0x23, 0x51, 0x6e, 0xaa, 0x6a, 0x6b, 0x77,
  0xc9, 0x0a, 0x90, 0x47, 0xea, 0x6b, 0xee, 0x68, 0x00, 0x21, 0x01, 0xb0,
  0x50, 0x08, 0x10, 0xeb, 0x06, 0x40, 0x51, 0xeb, 0x16, 0x41, 0x00, 0x23,
  0xfd, 0xf7, 0x42, 0xf8, 0x4f, 0xf6, 0xff, 0x71, 0x88, 0x42, 0x28, 0xbf,
  0x08, 0x46, 0x68, 0x84, 0xbd, 0xe8, 0xf0, 0x83, 0xd5, 0xe9, 0x00, 0x67,
  0x16, 0xf1, 0x10, 0x02, 0x47, 0xf1, 0x00, 0x03, 0x40, 0x1c, 0xa8, 0x76,
  0xc0, 0xb2, 0x0c, 0x28, 0xc5, 0xe9, 0x00, 0x23, 0x04, 0xbf, 0x00, 0x20,
  0xa8, 0x76, 0x01, 0xb0, 0xbd, 0xe8, 0xf0, 0x83, 0x2d, 0xe9, 0xf0, 0x41,
  0xdf, 0xf8, 0x5c, 0x05, 0xdf, 0xf8, 0x6c, 0x15, 0x00, 0x6c, 0xdf, 0xf8,
  0x6c, 0x25, 0x01, 0xf1, 0x0c, 0x03, 0x4a, 0x60, 0x0b, 0x60, 0x01, 0x24,
  0xc1, 0xf8, 0x08, 0x00, 0x01, 0xf1, 0x08, 0x08, 0x01, 0xf1, 0x04, 0x0c,
  0x04, 0xeb, 0x44, 0x05, 0x66, 0x1c, 0xf6, 0xb2, 0x00, 0xeb, 0x84, 0x1e,
  0x06, 0xeb, 0x46, 0x07, 0x64, 0x1c, 0xad, 0x00, 0x01, 0xeb, 0x87, 0x07,
  0x4f, 0x51, 0x66, 0x1c, 0x4c, 0xf8, 0x05, 0x20, 0xf6, 0xb2, 0x48, 0xf8,
  0x05, 0xe0, 0x04, 0xeb, 0x44, 0x05, 0x06, 0xeb, 0x46, 0x07, 0x01, 0xeb,
  0x87, 0x07, 0xad, 0x00, 0x00, 0xeb, 0x84, 0x1e, 0x64, 0x1c, 0x4f, 0x51,
  0x0b, 0x2c, 0x4c, 0xf8, 0x05, 0x20, 0x48, 0xf8, 0x05, 0xe0, 0xdb, 0xdb,
  0x01, 0xf1, 0x9c, 0x04, 0x01, 0xf1, 0xa8, 0x03, 0xc1, 0xf8, 0x90, 0x40,
  0x00, 0xf1, 0x80, 0x04, 0xc1, 0xf8, 0x9c, 0x30, 0x01, 0xf1, 0xb4, 0x05,
  0xc1, 0xf8, 0xa4, 0x40, 0x00, 0xf5, 0x80, 0x73, 0x01, 0xf1, 0xc0, 0x04,
  0xc1, 0xf8, 0x88, 0x20, 0xc1, 0xf8, 0xa8, 0x50, 0x00, 0xf5, 0x30, 0x72,
  0xc1, 0xf8, 0xb0, 0x30, 0x00, 0xf5, 0xc0, 0x75, 0xc1, 0xf8, 0xb4, 0x40,
  0x01, 0xf1, 0xcc, 0x03, 0x00, 0xf5, 0x00, 0x74, 0xc1, 0xf8, 0x8c, 0x20,
  0xc1, 0xf8, 0x98, 0x00, 0xdf, 0xf8, 0xc0, 0x24, 0xc1, 0xf8, 0xbc, 0x50,
  0x01, 0xf1, 0xd8, 0x05, 0xc1, 0xf8, 0xc0, 0x30, 0x00, 0xf5, 0x20, 0x73,
  0xc1, 0xf8, 0xc8, 0x40, 0x01, 0xf1, 0x90, 0x04, 0x00, 0xf5, 0x40, 0x70,
  0xc1, 0xf8, 0x84, 0x10, 0xc1, 0xf8, 0x94, 0x20, 0xc1, 0xf8, 0xa0, 0x20,
  0xc1, 0xf8, 0xac, 0x20, 0xc1, 0xf8, 0xb8, 0x20, 0xc1, 0xf8, 0xc4, 0x20,
  0xc1, 0xf8, 0xcc, 0x50, 0xc1, 0xf8, 0xd0, 0x20, 0xc1, 0xf8, 0xd4, 0x30,
  0xc1, 0xf8, 0xd8, 0x40, 0xc1, 0xf8, 0xdc, 0x20, 0xc1, 0xf8, 0xe0, 0x00,
  0xbd, 0xe8, 0xf0, 0x81, 0x30, 0xb5, 0x81, 0xb0, 0xdf, 0xf8, 0x4c, 0x54,
  0xfc, 0xf7, 0x05, 0xfe, 0x04, 0x46, 0xe8, 0x7f, 0x18, 0xb1, 0x00, 0xf0,
  0xd3, 0xf8, 0x00, 0x21, 0xe9, 0x77, 0x24, 0xb1, 0x4f, 0xf4, 0x80, 0x40,
  0xdf, 0xf8, 0x50, 0x14, 0x08, 0x60, 0x01, 0xb0, 0x30, 0xbd, 0x2d, 0xe9,
  0xf0, 0x47, 0xff, 0xf7, 0xe7, 0xff, 0xdf, 0xf8, 0x20, 0x44, 0x61, 0x7f,
  0xa1, 0xb3, 0xdf, 0xf8, 0x3c, 0x24, 0x15, 0x68, 0x94, 0xf8, 0x20, 0x00,
  0xad, 0x08, 0xad, 0x00, 0x28, 0xb1, 0xdf, 0xf8, 0x30, 0x24, 0x00, 0x20,
  0x62, 0x63, 0x84, 0xf8, 0x20, 0x00, 0x01, 0x29, 0x16, 0xd1, 0x60, 0x6b,
  0x85, 0x42, 0x08, 0xd3, 0x28, 0x1a, 0xdf, 0xf8, 0x1c, 0x24, 0xa0, 0xfb,
  0x02, 0x21, 0xe2, 0x7e, 0xc8, 0x08, 0x86, 0x18, 0x10, 0xe0, 0x40, 0x1b,
  0xdf, 0xf8, 0x08, 0x64, 0xa0, 0xfb, 0x06, 0x63, 0xe2, 0x7e, 0xd8, 0x08,
  0xc0, 0xf1, 0x0c, 0x00, 0x86, 0x18, 0x05, 0xe0, 0x04, 0xd0, 0x0a, 0xd3,
  0x03, 0x29, 0x29, 0xd0, 0x0b, 0xd3, 0x06, 0xe0, 0xa1, 0x7f, 0xe6, 0x76,
  0x19, 0xb9, 0xe0, 0x7e, 0x08, 0xb1, 0xff, 0xf7, 0xd5, 0xfd, 0x65, 0x63,
  0xbd, 0xe8, 0xf0, 0x47, 0xaa, 0xe7, 0xdf, 0xf8, 0xd8, 0x63, 0xa8, 0x1b,
  0x54, 0x28, 0xf6, 0xd2, 0xdf, 0xf8, 0xc8, 0x23, 0xa0, 0xfb, 0x02, 0x21,
  0x48, 0x05, 0x00, 0x0e, 0x06, 0x28, 0xee, 0xd0, 0xff, 0xf7, 0x41, 0xfe,
  0xe1, 0x6a, 0x88, 0x47, 0xff, 0xf7, 0x3d, 0xfe, 0xe2, 0x6a, 0x90, 0x47,
  0x60, 0x7f, 0x02, 0x28, 0xe3, 0xdb, 0x06, 0x21, 0x03, 0x20, 0x21, 0x77,
  0x66, 0x63, 0x60, 0x77, 0x60, 0x6b, 0x85, 0x42, 0x0f, 0xd3, 0x28, 0x1a,
  0xdf, 0xf8, 0x90, 0x23, 0xa0, 0xfb, 0x02, 0x21, 0x4f, 0xf0, 0x00, 0x08,
  0xdf, 0xf8, 0x78, 0x63, 0x4f, 0xf4, 0x80, 0x4a, 0x4f, 0xea, 0x41, 0x59,
  0x4f, 0xea, 0x19, 0x69, 0x2e, 0xe0, 0x40, 0x1b, 0xdf, 0xf8, 0x70, 0x63,
  0xa0, 0xfb, 0x06, 0x63, 0x4f, 0xf0, 0x00, 0x08, 0x4f, 0xf4, 0x80, 0x4a,
  0xdf, 0xf8, 0x54, 0x63, 0x4f, 0xea, 0xd3, 0x09, 0xc9, 0xf1, 0x07, 0x09,
  0x5f, 0xfa, 0x89, 0xf9, 0x1c, 0xe0, 0x27, 0x77, 0xd4, 0xe9, 0x00, 0x01,
  0x10, 0xf1, 0x20, 0x02, 0x41, 0xf1, 0x00, 0x03, 0xc4, 0xe9, 0x00, 0x23,
  0xe7, 0x6a, 0x60, 0x46, 0xb8, 0x47, 0xfc, 0xf7, 0x66, 0xfd, 0x07, 0x46,
  0xe0, 0x7f, 0x18, 0xb1, 0x00, 0xf0, 0x34, 0xf8, 0x00, 0x21, 0xe1, 0x77,
  0x0f, 0xb1, 0xc6, 0xf8, 0x00, 0xa0, 0x60, 0x7f, 0x02, 0x28, 0x9e, 0xdd,
  0x08, 0xf1, 0x01, 0x08, 0x5f, 0xfa, 0x88, 0xf0, 0x48, 0x45, 0x98, 0xda,
  0x20, 0x6c, 0x27, 0x7f, 0x00, 0xeb, 0xc7, 0x10, 0xff, 0xf7, 0xb8, 0xfd,
  0x06, 0x2f, 0x84, 0x46, 0x0c, 0xbf, 0x00, 0x27, 0x7f, 0x1c, 0xd2, 0xe7,
  0x10, 0xb5, 0x0f, 0x20, 0xb1, 0x4c, 0xfc, 0xf7, 0x09, 0xfe, 0x00, 0x21,
  0xa1, 0x77, 0xff, 0xf7, 0x33, 0xff, 0x60, 0x7f, 0x58, 0xb1, 0xff, 0xf7,
  0x0b, 0xfe, 0x61, 0x7f, 0xe0, 0x7e, 0x40, 0x1e, 0xe0, 0x76, 0x01, 0x29,
  0x03, 0xd1, 0xc0, 0xb2, 0x08, 0xb1, 0xff, 0xf7, 0x4b, 0xfd, 0xbd, 0xe8,
  0x10, 0x40, 0x21, 0xe7, 0x30, 0xb5, 0x81, 0xb0, 0x0f, 0x20, 0xfc, 0xf7,
  0x04, 0xfe, 0x38, 0xb1, 0xa4, 0x48, 0x01, 0x68, 0x41, 0xf0, 0x80, 0x61,
  0x01, 0x60, 0x0f, 0x20, 0xfc, 0xf7, 0xe6, 0xfd, 0x4f, 0xf0, 0x80, 0x41,
  0x00, 0x20, 0xc1, 0xf8, 0xb8, 0x00, 0x0a, 0x68, 0x40, 0x23, 0xa8, 0x4c,
  0xa8, 0x48, 0x42, 0xf0, 0x04, 0x02, 0x0a, 0x60, 0x23, 0x60, 0x4d, 0x6b,
  0x97, 0x4c, 0x05, 0x40, 0x00, 0x20, 0x4d, 0x63, 0x21, 0x6b, 0x88, 0x47,
  0x00, 0x20, 0x01, 0xb0, 0x60, 0x77, 0xa0, 0x77, 0x30, 0xbd, 0x00, 0x00,
  0x2d, 0xe9, 0xf0, 0x41, 0x4f, 0xf0, 0x80, 0x44, 0x9d, 0x48, 0x61, 0x6b,
  0x8e, 0x4d, 0x9d, 0x4e, 0x01, 0x40, 0x00, 0x20, 0x61, 0x63, 0x29, 0x6b,
  0x88, 0x47, 0xb0, 0x68, 0x40, 0x06, 0x08, 0xd5, 0x00, 0x21, 0x40, 0x20,
  0xc4, 0xf8, 0xb8, 0x10, 0x22, 0x68, 0x42, 0xf0, 0x04, 0x02, 0x22, 0x60,
  0x70, 0x60, 0x00, 0x22, 0x00, 0x20, 0xaa, 0x76, 0x01, 0x21, 0x08, 0x22,
  0x85, 0xf8, 0x20, 0x10, 0x80, 0x46, 0x69, 0x77, 0x28, 0x76, 0xa8, 0x75,
  0xea, 0x75, 0xe8, 0x76, 0xc5, 0xe9, 0x00, 0x80, 0xb0, 0x68, 0x40, 0x06,
  0xfc, 0xd4, 0x00, 0x21, 0x2a, 0x6c, 0x4f, 0xf6, 0xff, 0x73, 0x00, 0x27,
  0x02, 0xe0, 0xc8, 0x07, 0xfb, 0xd5, 0x1f, 0x46, 0x02, 0xeb, 0x81, 0x1c,
  0x5f, 0xf0, 0x04, 0x00, 0xcc, 0xf8, 0x00, 0x70, 0x40, 0x1e, 0xcc, 0xf8,
  0x04, 0x70, 0xcc, 0xf8, 0x08, 0x70, 0xcc, 0xf8, 0x0c, 0x70, 0x0c, 0xf1,
  0x10, 0x0c, 0xf3, 0xd1, 0x49, 0x1c, 0x0c, 0x29, 0xe9, 0xdb, 0x0f, 0x20,
  0x7d, 0x4f, 0xfc, 0xf7, 0x6b, 0xfd, 0x7d, 0x48, 0x4f, 0xf4, 0xfe, 0x02,
  0x41, 0x68, 0x7c, 0x4b, 0x41, 0xf0, 0x80, 0x61, 0x41, 0x60, 0x02, 0x60,
  0x43, 0x60, 0xc0, 0xf8, 0x08, 0x80, 0xc7, 0x60, 0x0f, 0x20, 0xfc, 0xf7,
  0x71, 0xfd, 0x77, 0x49, 0x06, 0x20, 0xfe, 0xf7, 0x3d, 0xfc, 0x68, 0x7e,
  0x00, 0xeb, 0x40, 0x02, 0x91, 0x00, 0x65, 0x4a, 0x53, 0x18, 0x15, 0x46,
  0x0b, 0x28, 0x0e, 0xbf, 0xc2, 0xf8, 0x84, 0x50, 0x03, 0xf1, 0x0c, 0x00,
  0x50, 0x50, 0x61, 0x49, 0xad, 0x08, 0x59, 0x60, 0xd6, 0xf8, 0xc0, 0x21,
  0xad, 0x00, 0x05, 0x20, 0xc6, 0xf8, 0xcc, 0x51, 0x40, 0x21, 0xc6, 0xf8,
  0xd0, 0x01, 0x31, 0x60, 0xfe, 0xf7, 0xc1, 0xfc, 0x60, 0x62, 0xa0, 0x6a,
  0x40, 0xf0, 0x80, 0x50, 0xa0, 0x62, 0xb0, 0x68, 0x40, 0x06, 0xfc, 0xd5,
  0xe1, 0x6a, 0x41, 0xf0, 0x02, 0x01, 0xe1, 0x62, 0xe0, 0x6a, 0x20, 0xf0,
  0x02, 0x00, 0xe0, 0x62, 0xc4, 0xf8, 0xb8, 0x80, 0xc4, 0xf8, 0xbc, 0x80,
  0x20, 0x68, 0x40, 0xf0, 0x02, 0x00, 0x20, 0x60, 0xbd, 0xe8, 0xf0, 0x81,
  0x01, 0x20, 0x46, 0x49, 0xc8, 0x77, 0x70, 0x47, 0x00, 0x20, 0x44, 0x49,
  0xc8, 0x77, 0x70, 0x47, 0x42, 0x48, 0xc0, 0x8c, 0x70, 0x47, 0x41, 0x48,
  0x40, 0x8c, 0x70, 0x47, 0x42, 0xf2, 0x01, 0x02, 0x90, 0x42, 0x30, 0xb4,
  0x05, 0xdb, 0xb0, 0xf5, 0x50, 0x4f, 0xa8, 0xbf, 0x4f, 0xf4, 0x50, 0x40,
  0x01, 0xe0, 0x4f, 0xf4, 0x00, 0x50, 0x39, 0x4a, 0xd0, 0x84, 0xd4, 0x8c,
  0xd3, 0x6b, 0xa4, 0xfb, 0x03, 0x45, 0x14, 0xf5, 0x00, 0x40, 0x45, 0xf1,
  0x00, 0x01, 0x00, 0x0c, 0x40, 0xea, 0x01, 0x40, 0x90, 0x63, 0x30, 0xbc,
  0x70, 0x47, 0x00, 0x00, 0x70, 0xb5, 0x30, 0x4c, 0x00, 0x20, 0xe0, 0x77,
  0x47, 0xf6, 0x9a, 0x11, 0xa0, 0x77, 0x60, 0x77, 0x60, 0x76, 0x01, 0x20,
  0xe1, 0x84, 0xfd, 0xf7, 0x86, 0xfd, 0x20, 0x64, 0xff, 0xf7, 0xa0, 0xfd,
  0x00, 0x20, 0xfd, 0xf7, 0x6f, 0xfd, 0x00, 0x22, 0x00, 0x23, 0x80, 0x21,
  0x90, 0xf9, 0x00, 0x50, 0x90, 0xf9, 0x01, 0x60, 0x80, 0x1c, 0x00, 0x2e,
  0x59, 0xbf, 0xb2, 0x18, 0xeb, 0x18, 0x92, 0x1b, 0x5b, 0x1b, 0x00, 0x2d,
  0x59, 0xbf, 0x52, 0x1b, 0xf3, 0x18, 0xaa, 0x18, 0x9b, 0x1b, 0x49, 0x1e,
  0xec, 0xd1, 0x5b, 0x43, 0x02, 0xfb, 0x02, 0x32, 0xe3, 0x8c, 0xe2, 0x63,
  0xa3, 0xfb, 0x02, 0x23, 0x12, 0xf5, 0x00, 0x40, 0x43, 0xf1, 0x00, 0x01,
  0x00, 0x0c, 0x40, 0xea, 0x01, 0x40, 0xa0, 0x63, 0x70, 0xbd, 0x14, 0x48,
  0x41, 0x7f, 0x48, 0x1e, 0x80, 0x41, 0xc0, 0x43, 0xc0, 0x0f, 0x70, 0x47,
  0x2d, 0xe9, 0xf0, 0x4d, 0x0f, 0x4d, 0x23, 0x48, 0x0d, 0x26, 0x04, 0x68,
  0xfe, 0xf7, 0x31, 0xfc, 0xd5, 0xe9, 0x00, 0x8a, 0xa6, 0xfb, 0x08, 0x7b,
  0x24, 0x1a, 0x06, 0xfb, 0x0a, 0xbb, 0xb8, 0x1c, 0x4b, 0xf1, 0x00, 0x01,
  0x04, 0x22, 0x00, 0x23, 0xfc, 0xf7, 0x60, 0xfd, 0x00, 0x19, 0xbd, 0xe8,
  0xf0, 0x8d, 0x04, 0x49, 0x88, 0x62, 0x70, 0x47, 0x02, 0x49, 0xc8, 0x62,
  0x70, 0x47, 0x01, 0x49, 0x08, 0x63, 0x70, 0x47, 0xe0, 0x45, 0x00, 0x20,
  0xab, 0xaa, 0xaa, 0x2a, 0x04, 0x20, 0x00, 0xe2, 0x04, 0x20, 0x00, 0x20,
  0x34, 0x00, 0x00, 0x40, 0xb0, 0x3f, 0x01, 0x20, 0x10, 0x00, 0x00, 0x05,
  0x20, 0x00, 0x00, 0x05, 0x00, 0xe1, 0x00, 0xe0, 0xe8, 0x01, 0x01, 0x40,
  0xbc, 0x3f, 0x01, 0x20, 0xab, 0xaa, 0xaa, 0xaa, 0x40, 0x40, 0x01, 0x20,
  0x20, 0x00, 0x01, 0x40, 0xff, 0xef, 0xff, 0x7f, 0x1c, 0x00, 0x01, 0x40,
  0x01, 0x00, 0x08, 0x00, 0x00, 0x20, 0x00, 0xe2, 0x0f, 0x00, 0x01, 0x00,
  0xc3, 0x44, 0x00, 0x00, 0x20, 0x00, 0x00, 0x40, 0x00, 0x22, 0x01, 0xf0,
  0xcf, 0xba, 0x00, 0x00, 0x03, 0x00, 0x00, 0x20, 0x13, 0xf0, 0x03, 0x0f,
  0x09, 0xd0, 0x52, 0x1e, 0x22, 0xbf, 0x13, 0xf8, 0x01, 0x0b, 0x11, 0xf8,
  0x01, 0xcb, 0xb0, 0xeb, 0x0c, 0x00, 0xf3, 0xd0, 0x70, 0x47, 0x11, 0xf0,
  0x03, 0x0f, 0x14, 0xd1, 0x12, 0x1f, 0x22, 0xbf, 0x53, 0xf8, 0x04, 0x0b,
  0x51, 0xf8, 0x04, 0xcb, 0x60, 0x45, 0xf7, 0xd0, 0x12, 0x1d, 0x0a, 0xd2,
  0x00, 0xba, 0x9c, 0xfa, 0x8c, 0xfc, 0xb0, 0xeb, 0x0c, 0x00, 0x38, 0xbf,
  0x6f, 0xf0, 0x00, 0x00, 0x88, 0xbf, 0x01, 0x20, 0x70, 0x47, 0x52, 0x1e,
  0x22, 0xbf, 0x13, 0xf8, 0x01, 0x0b, 0x11, 0xf8, 0x01, 0xcb, 0xb0, 0xeb,
  0x0c, 0x00, 0xf6, 0xd0, 0x52, 0x1c, 0x08, 0xbf, 0x10, 0x46, 0x70, 0x47,
  0xf0, 0xb5, 0x81, 0xb0, 0x06, 0x46, 0xf0, 0x6a, 0x0c, 0x46, 0x40, 0xf0,
  0x01, 0x00, 0xf0, 0x62, 0x71, 0x6b, 0x20, 0x00, 0x41, 0xf4, 0x00, 0x41,
  0x71, 0x63, 0x3a, 0x49, 0x1c, 0xbf, 0x40, 0x23, 0xc6, 0xf8, 0xdc, 0x30,
  0x70, 0x6b, 0x0b, 0x25, 0x40, 0xf0, 0x80, 0x40, 0x70, 0x63, 0x36, 0x48,
  0x31, 0x60, 0xd6, 0xf8, 0x90, 0x30, 0x23, 0xf0, 0x00, 0x43, 0xc6, 0xf8,
  0x90, 0x30, 0xc6, 0xf8, 0xc0, 0x50, 0xd6, 0xf8, 0x90, 0x10, 0x01, 0x40,
  0x30, 0x46, 0xc6, 0xf8, 0x90, 0x10, 0xd6, 0xf8, 0x90, 0x30, 0x11, 0x46,
  0x43, 0xf4, 0x80, 0x63, 0xc6, 0xf8, 0x90, 0x30, 0xd6, 0xf8, 0x90, 0x50,
  0x45, 0xf0, 0x00, 0x55, 0xc6, 0xf8, 0x90, 0x50, 0x00, 0xf0, 0x54, 0xf8,
  0xfe, 0xf7, 0xc5, 0xf8, 0x4f, 0xf4, 0xc0, 0x01, 0x10, 0xb9, 0xc6, 0xf8,
  0xdc, 0x10, 0x09, 0xe0, 0x01, 0x28, 0xc6, 0xf8, 0xdc, 0x10, 0x06, 0xbf,
  0x4f, 0xf4, 0x00, 0x10, 0xc6, 0xf8, 0xd8, 0x00, 0xc6, 0xf8, 0xd8, 0x10,
  0x1c, 0xb3, 0x40, 0x22, 0x1d, 0x4c, 0xc6, 0xf8, 0xd8, 0x20, 0xfa, 0x27,
  0xfe, 0xf7, 0xbb, 0xf8, 0x02, 0x46, 0x20, 0x46, 0x00, 0x21, 0x00, 0x23,
  0xe7, 0xfb, 0x02, 0x01, 0x18, 0x4a, 0x00, 0x25, 0xfc, 0xf7, 0xba, 0xfc,
  0xfe, 0xf7, 0xdc, 0xf9, 0x4f, 0xf0, 0xa1, 0x0c, 0xc6, 0xf8, 0xd8, 0xc0,
  0xfe, 0xf7, 0xa9, 0xf8, 0x67, 0x22, 0x00, 0x23, 0xe2, 0xfb, 0x00, 0x45,
  0x10, 0x4a, 0x20, 0x46, 0x29, 0x46, 0xfc, 0xf7, 0xa9, 0xfc, 0xfe, 0xf7,
  0xcb, 0xf9, 0xf3, 0x6a, 0x5b, 0x08, 0x5b, 0x00, 0xf3, 0x62, 0x70, 0x6b,
  0x20, 0xf4, 0x00, 0x40, 0x70, 0x63, 0xfe, 0xf7, 0x42, 0xfb, 0xb0, 0x62,
  0xfe, 0xf7, 0x3d, 0xfb, 0x70, 0x62, 0xb0, 0x6a, 0x40, 0xf0, 0x80, 0x50,
  0xb0, 0x62, 0x01, 0xb0, 0xf0, 0xbd, 0x00, 0x00, 0x01, 0x00, 0x00, 0x02,
  0xff, 0x00, 0x00, 0x82, 0xdf, 0x83, 0x5a, 0x00, 0xe0, 0x83, 0x5a, 0x00,
  0x30, 0xb5, 0x81, 0xb0, 0x04, 0x46, 0x0d, 0x46, 0xfe, 0xf7, 0x6d, 0xf8,
  0x20, 0xb9, 0x0c, 0x20, 0xc4, 0xf8, 0xd8, 0x00, 0x01, 0xb0, 0x30, 0xbd,
  0x3d, 0xb1, 0x0c, 0x21, 0x08, 0x20, 0xc4, 0xf8, 0xdc, 0x10, 0xc4, 0xf8,
  0xd8, 0x00, 0x01, 0xb0, 0x30, 0xbd, 0x0c, 0x22, 0xc4, 0xf8, 0xd8, 0x20,
  0x01, 0xb0, 0x30, 0xbd, 0x00, 0xeb, 0x41, 0x20, 0xf0, 0xb4, 0x00, 0xeb,
  0x83, 0x04, 0x04, 0xf5, 0xfe, 0x71, 0x00, 0x24, 0x1d, 0x00, 0x26, 0xd0,
  0x13, 0xf0, 0x03, 0x00, 0x07, 0xd0, 0xe5, 0xb2, 0x64, 0x1c, 0x32, 0xf8,
  0x15, 0x50, 0x40, 0x1e, 0x41, 0xf8, 0x04, 0x59, 0xf7, 0xd1, 0x9b, 0x08,
  0x19, 0xd0, 0xe0, 0xb2, 0x64, 0x1c, 0x32, 0xf8, 0x10, 0x00, 0xe5, 0xb2,
  0x64, 0x1c, 0xe7, 0xb2, 0x41, 0xf8, 0x04, 0x09, 0x32, 0xf8, 0x15, 0x60,
  0x64, 0x1c, 0xe5, 0xb2, 0x41, 0xf8, 0x04, 0x69, 0x32, 0xf8, 0x17, 0x00,
  0x64, 0x1c, 0x5b, 0x1e, 0x41, 0xf8, 0x04, 0x09, 0x32, 0xf8, 0x15, 0x60,
  0x41, 0xf8, 0x04, 0x69, 0xe5, 0xd1, 0xf0, 0xbc, 0x70, 0x47, 0x00, 0x00,
  0xd0, 0xfa, 0x11, 0xf0, 0x20, 0xfb, 0x00, 0xf0, 0x11, 0x68, 0x40, 0x08,
  0x41, 0xeb, 0x00, 0x03, 0x8b, 0x42, 0x38, 0xbf, 0x6f, 0xf0, 0x00, 0x03,
  0x13, 0x60, 0x70, 0x47, 0xd0, 0xfa, 0x11, 0xf0, 0x20, 0xfb, 0x00, 0xf0,
  0x70, 0x47, 0x03, 0x68, 0x21, 0xfb, 0x01, 0xf1, 0xa1, 0xfb, 0x03, 0x31,
  0x5b, 0x09, 0x53, 0xeb, 0xc1, 0x63, 0x4f, 0xea, 0x51, 0x11, 0x41, 0xf1,
  0x00, 0x01, 0xc0, 0xe9, 0x00, 0x31, 0x70, 0x47, 0x10, 0xb4, 0x23, 0xfb,
  0x01, 0xf4, 0x43, 0xfb, 0x11, 0xf1, 0x20, 0xfb, 0x00, 0xf3, 0x00, 0x2c,
  0x48, 0xbf, 0x5b, 0x42, 0xa4, 0xeb, 0x03, 0x04, 0x84, 0xfb, 0x04, 0x04,
  0xc1, 0xfb, 0x01, 0x04, 0xc0, 0x09, 0x50, 0xeb, 0x44, 0x60, 0x4f, 0xea,
  0xd4, 0x14, 0x44, 0xf1, 0x00, 0x04, 0xc2, 0xe9, 0x00, 0x04, 0x10, 0xbc,
  0x70, 0x47, 0x00, 0x00, 0xd1, 0xe9, 0x00, 0x23, 0x20, 0xfb, 0x00, 0xf0,
  0x12, 0x18, 0x43, 0xf1, 0x00, 0x03, 0xc1, 0xe9, 0x00, 0x23, 0x70, 0x47,
  0x20, 0xfb, 0x01, 0xf0, 0x4f, 0xea, 0xd0, 0x70, 0x70, 0x47, 0x70, 0xb4,
  0x22, 0xfb, 0x00, 0xf4, 0xd3, 0xe9, 0x00, 0x02, 0x21, 0xfb, 0x01, 0xf5,
  0x4f, 0xea, 0xd2, 0x66, 0x16, 0xf0, 0x1f, 0x0f, 0x1e, 0xbf, 0x6f, 0xf0,
  0x00, 0x00, 0x6f, 0xf0, 0x00, 0x02, 0x05, 0xe0, 0x4f, 0xea, 0x42, 0x12,
  0x02, 0xeb, 0xd0, 0x62, 0x4f, 0xea, 0x40, 0x10, 0x85, 0xfb, 0x04, 0x16,
  0x00, 0x2c, 0x06, 0xd5, 0x6f, 0xea, 0x01, 0x01, 0x6f, 0xea, 0x06, 0x06,
  0x49, 0x1c, 0x46, 0xf1, 0x00, 0x06, 0xb2, 0x42, 0x84, 0xbf, 0x00, 0x26,
  0x18, 0xe0, 0xb6, 0xfa, 0x86, 0xf5, 0x20, 0x2d, 0x02, 0xbf, 0x0e, 0x46,
  0x02, 0x46, 0x0d, 0xe0, 0x00, 0x2d, 0x0b, 0xd0, 0x06, 0xfa, 0x05, 0xf6,
  0x02, 0xfa, 0x05, 0xf2, 0xc5, 0xf1, 0x20, 0x05, 0xe9, 0x40, 0x46, 0xeb,
  0x01, 0x06, 0xe8, 0x40, 0x42, 0xeb, 0x00, 0x02, 0x00, 0x2a, 0x01, 0xd0,
  0xb6, 0xfb, 0xf2, 0xf6, 0x00, 0x2c, 0x48, 0xbf, 0xf6, 0x43, 0x06, 0xf3,
  0x03, 0x00, 0x70, 0xbc, 0x70, 0x47, 0x00, 0x00, 0x2d, 0xe9, 0xf0, 0x47,
  0xdf, 0xf8, 0x20, 0x58, 0x4f, 0xf0, 0xff, 0x36, 0x2d, 0xed, 0x04, 0x8b,
  0xab, 0x78, 0x00, 0x21, 0xac, 0x68, 0xbb, 0xb3, 0x5f, 0xea, 0xc3, 0x7e,
  0x28, 0x78, 0x08, 0xd5, 0x02, 0x28, 0x01, 0xdc, 0x20, 0xb9, 0x00, 0xe0,
  0x08, 0xb9, 0x02, 0x2b, 0x00, 0xda, 0xa6, 0x68, 0x01, 0x21, 0x5a, 0x08,
  0x28, 0xd0, 0x02, 0x28, 0x03, 0xdc, 0x81, 0x42, 0xb8, 0xbf, 0x49, 0x1c,
  0x10, 0xdb, 0x00, 0x28, 0x08, 0xbf, 0x00, 0x29, 0x02, 0xd1, 0x02, 0x2b,
  0x80, 0xf2, 0x07, 0x80, 0x04, 0xf1, 0x08, 0x0e, 0x5e, 0xf8, 0x21, 0xe0,
  0xb6, 0x45, 0x98, 0xbf, 0x76, 0x46, 0x49, 0x1c, 0x02, 0x28, 0x01, 0xdc,
  0x81, 0x42, 0x0c, 0xdb, 0x00, 0x28, 0x08, 0xbf, 0x00, 0x29, 0x01, 0xd1,
  0x02, 0x2b, 0x06, 0xda, 0x04, 0xf1, 0x08, 0x0e, 0x5e, 0xf8, 0x21, 0xe0,
  0xb6, 0x45, 0x98, 0xbf, 0x76, 0x46, 0x49, 0x1c, 0x52, 0x1e, 0xd6, 0xd1,
  0x4f, 0xea, 0x96, 0x78, 0x00, 0x20, 0xb6, 0x00, 0x20, 0x60, 0x00, 0x21,
  0x00, 0x2b, 0x61, 0x60, 0xd5, 0xf8, 0x04, 0xe0, 0x84, 0x46, 0x50, 0xd0,
  0xdf, 0x07, 0x14, 0xd5, 0x88, 0x45, 0xa2, 0x68, 0x01, 0xd8, 0x96, 0x42,
  0x0b, 0xd3, 0xbe, 0xf9, 0x00, 0xc0, 0x21, 0x68, 0x8c, 0x44, 0x01, 0x21,
  0xc4, 0xf8, 0x00, 0xc0, 0xbe, 0xf9, 0x02, 0x20, 0x67, 0x68, 0xba, 0x18,
  0x62, 0x60, 0x0e, 0xf1, 0x04, 0x0e, 0x4f, 0xf0, 0x01, 0x0c, 0x58, 0x08,
  0x37, 0xd0, 0x00, 0x23, 0x98, 0x45, 0x04, 0xf1, 0x08, 0x07, 0x5f, 0xfa,
  0x8c, 0xf9, 0x57, 0xf8, 0x29, 0x20, 0x01, 0xd8, 0x96, 0x42, 0x0c, 0xd3,
  0xbe, 0xf9, 0x00, 0x20, 0xd4, 0xf8, 0x00, 0xa0, 0x49, 0x1c, 0x92, 0x44,
  0xc4, 0xf8, 0x00, 0xa0, 0xbe, 0xf9, 0x02, 0x20, 0x63, 0x68, 0x9a, 0x18,
  0x62, 0x60, 0x00, 0x23, 0x0c, 0xf1, 0x01, 0x0c, 0x98, 0x45, 0x5f, 0xfa,
  0x8c, 0xf9, 0x0e, 0xf1, 0x04, 0x0e, 0x57, 0xf8, 0x29, 0x20, 0x01, 0xd8,
  0x96, 0x42, 0x0c, 0xd3, 0xbe, 0xf9, 0x00, 0x30, 0xd4, 0xf8, 0x00, 0xa0,
  0x49, 0x1c, 0x9a, 0x44, 0xc4, 0xf8, 0x00, 0xa0, 0xbe, 0xf9, 0x02, 0x30,
  0x62, 0x68, 0xd2, 0x18, 0x62, 0x60, 0x40, 0x1e, 0x0e, 0xf1, 0x04, 0x0e,
  0x0c, 0xf1, 0x01, 0x0c, 0xc7, 0xd1, 0x23, 0x68, 0x0a, 0x06, 0x28, 0x69,
  0xc9, 0xb2, 0x03, 0xeb, 0x52, 0x63, 0x9f, 0xed, 0x8f, 0x8a, 0xf0, 0xee,
  0x48, 0x8a, 0x00, 0x27, 0x00, 0x26, 0x93, 0xfb, 0xf1, 0xf3, 0x03, 0x80,
  0x64, 0x68, 0x04, 0xeb, 0x52, 0x62, 0x92, 0xfb, 0xf1, 0xf1, 0x41, 0x80,
  0x00, 0x68, 0x01, 0xf0, 0x8f, 0xf8, 0x00, 0xee, 0x10, 0x0a, 0xa8, 0x78,
  0x6c, 0x68, 0xb8, 0xee, 0x40, 0x9a, 0x08, 0xb3, 0x29, 0x69, 0x54, 0xf8,
  0x04, 0x0b, 0x09, 0x68, 0xff, 0xf7, 0xb4, 0xfe, 0x00, 0xb9, 0x01, 0x20,
  0xf1, 0xb2, 0x00, 0xee, 0x10, 0x0a, 0xe8, 0x68, 0xb8, 0xee, 0x40, 0x0a,
  0x89, 0xee, 0x00, 0x0a, 0x00, 0xeb, 0x81, 0x02, 0xb4, 0xee, 0x68, 0x0a,
  0xf1, 0xee, 0x10, 0xfa, 0x82, 0xed, 0x00, 0x0a, 0x95, 0xf8, 0x02, 0x80,
  0xa4, 0xbf, 0xf0, 0xee, 0x40, 0x8a, 0x37, 0x46, 0x76, 0x1c, 0xf3, 0xb2,
  0x43, 0x45, 0xdd, 0xd3, 0xac, 0x78, 0xd5, 0xf8, 0x08, 0x80, 0x21, 0x46,
  0xff, 0xb2, 0xb5, 0xee, 0x00, 0x0a, 0x08, 0xf1, 0xe8, 0x00, 0x28, 0xee,
  0x80, 0x0a, 0xff, 0xf7, 0x6d, 0xfd, 0x01, 0x20, 0x08, 0xf1, 0xe8, 0x01,
  0xc8, 0x55, 0xd5, 0xf8, 0x0c, 0xe0, 0xdf, 0xed, 0xba, 0x0a, 0x84, 0x46,
  0x0e, 0xeb, 0x87, 0x02, 0xb4, 0xee, 0x60, 0x0a, 0xf1, 0xee, 0x10, 0xfa,
  0x82, 0xed, 0x00, 0x8a, 0xa8, 0xbf, 0xb2, 0xee, 0x04, 0x0a, 0x0f, 0x22,
  0x00, 0x25, 0x00, 0x2c, 0xf0, 0xee, 0x48, 0x0a, 0x63, 0x46, 0x4e, 0xd0,
  0x14, 0xf0, 0x03, 0x01, 0x0f, 0xd0, 0xef, 0xb2, 0x0e, 0xeb, 0x87, 0x07,
  0x97, 0xed, 0x00, 0x1a, 0xf4, 0xee, 0x41, 0x0a, 0xf1, 0xee, 0x10, 0xfa,
  0x44, 0xbf, 0xf0, 0xee, 0x41, 0x0a, 0x2b, 0x46, 0x6d, 0x1c, 0x49, 0x1e,
  0xef, 0xd1, 0xa0, 0x08, 0x39, 0xd0, 0xe9, 0xb2, 0x0e, 0xeb, 0x81, 0x01,
  0x91, 0xed, 0x00, 0x1a, 0xf4, 0xee, 0x41, 0x0a, 0xf1, 0xee, 0x10, 0xfa,
  0x44, 0xbf, 0xf0, 0xee, 0x41, 0x0a, 0x2b, 0x46, 0x6d, 0x1c, 0xef, 0xb2,
  0x0e, 0xeb, 0x87, 0x09, 0x99, 0xed, 0x00, 0x1a, 0xf4, 0xee, 0x41, 0x0a,
  0xf1, 0xee, 0x10, 0xfa, 0x44, 0xbf, 0xf0, 0xee, 0x41, 0x0a, 0x2b, 0x46,
  0x6d, 0x1c, 0xe9, 0xb2, 0x0e, 0xeb, 0x81, 0x0a, 0x9a, 0xed, 0x00, 0x1a,
  0xf4, 0xee, 0x41, 0x0a, 0xf1, 0xee, 0x10, 0xfa, 0x44, 0xbf, 0xf0, 0xee,
  0x41, 0x0a, 0x2b, 0x46, 0x6d, 0x1c, 0xef, 0xb2, 0x0e, 0xeb, 0x87, 0x09,
  0x99, 0xed, 0x00, 0x1a, 0xf4, 0xee, 0x41, 0x0a, 0xf1, 0xee, 0x10, 0xfa,
  0x44, 0xbf, 0xf0, 0xee, 0x41, 0x0a, 0x2b, 0x46, 0x6d, 0x1c, 0x40, 0x1e,
  0xc5, 0xd1, 0xf4, 0xee, 0x40, 0x0a, 0xf1, 0xee, 0x10, 0xfa, 0x0c, 0xd4,
  0xdb, 0xb2, 0x01, 0x20, 0x08, 0xf1, 0xe8, 0x01, 0x52, 0x1e, 0xc8, 0x54,
  0x0e, 0xeb, 0x83, 0x03, 0x0c, 0xf1, 0x01, 0x0c, 0x83, 0xed, 0x00, 0x8a,
  0x98, 0xd1, 0xbd, 0xec, 0x04, 0x8b, 0x5f, 0xfa, 0x8c, 0xf0, 0xbd, 0xe8,
  0xf0, 0x87, 0x00, 0x00, 0xf0, 0xb4, 0xdf, 0xf8, 0x40, 0x05, 0x00, 0x21,
  0x83, 0x68, 0x19, 0x60, 0x59, 0x60, 0x82, 0x78, 0x44, 0x68, 0xd2, 0xb3,
  0x12, 0xf0, 0x03, 0x01, 0x00, 0xf0, 0x0d, 0x80, 0x34, 0xf9, 0x02, 0x6b,
  0x1d, 0x68, 0xae, 0x19, 0x49, 0x1e, 0x1e, 0x60, 0x34, 0xf9, 0x02, 0xcb,
  0x5f, 0x68, 0xbc, 0x44, 0xc3, 0xf8, 0x04, 0xc0, 0xf2, 0xd1, 0x90, 0x08,
  0x00, 0xf0, 0x27, 0x80, 0x34, 0xf9, 0x02, 0x1b, 0x1d, 0x68, 0x69, 0x18,
  0x19, 0x60, 0x34, 0xf9, 0x02, 0x7b, 0x5e, 0x68, 0xf7, 0x19, 0x5f, 0x60,
  0x34, 0xf9, 0x02, 0x5b, 0x4d, 0x19, 0x1d, 0x60, 0x34, 0xf9, 0x02, 0x6b,
  0x59, 0x68, 0x8e, 0x19, 0x5e, 0x60, 0x34, 0xf9, 0x02, 0x1b, 0x69, 0x18,
  0x19, 0x60, 0x34, 0xf9, 0x02, 0x7b, 0x5d, 0x68, 0xef, 0x19, 0x5f, 0x60,
  0x34, 0xf9, 0x02, 0x5b, 0x49, 0x19, 0x19, 0x60, 0x34, 0xf9, 0x02, 0x5b,
  0x5e, 0x68, 0x75, 0x19, 0x40, 0x1e, 0x5d, 0x60, 0xd8, 0xd1, 0x19, 0x68,
  0x01, 0xeb, 0x52, 0x01, 0x91, 0xfb, 0xf2, 0xf1, 0x19, 0x80, 0x5c, 0x68,
  0x04, 0xeb, 0x52, 0x00, 0x90, 0xfb, 0xf2, 0xf0, 0x58, 0x80, 0x18, 0x68,
  0xf0, 0xbc, 0x70, 0x47, 0xff, 0xff, 0x7f, 0xff, 0x2d, 0xe9, 0xf0, 0x4f,
  0x81, 0xb0, 0x80, 0x46, 0xff, 0xf7, 0x32, 0xfe, 0xdf, 0xf8, 0x88, 0x74,
  0x00, 0x26, 0xbb, 0x78, 0x7d, 0x68, 0x00, 0x24, 0x00, 0x2b, 0xae, 0x46,
  0x29, 0x46, 0x51, 0xd0, 0x5f, 0xea, 0xc3, 0x79, 0xd7, 0xf8, 0x08, 0xc0,
  0x0f, 0xd5, 0x9c, 0xf8, 0xe8, 0x00, 0x50, 0xb1, 0xc3, 0xf1, 0x24, 0x06,
  0x8c, 0xf8, 0x20, 0x61, 0x08, 0x88, 0x01, 0x26, 0x2e, 0xf8, 0x02, 0x0b,
  0x4c, 0x88, 0x2e, 0xf8, 0x02, 0x4b, 0x09, 0x1d, 0x01, 0x24, 0x5a, 0x08,
  0x00, 0xf0, 0x3a, 0x80, 0x0c, 0xf1, 0xe8, 0x09, 0x19, 0xf8, 0x04, 0x00,
  0xa0, 0xb1, 0x04, 0xf1, 0x23, 0x0a, 0xaa, 0xeb, 0x03, 0x0a, 0x0a, 0xf1,
  0x01, 0x0a, 0x0c, 0xf5, 0x90, 0x79, 0x5f, 0xfa, 0x86, 0xfb, 0x76, 0x1c,
  0x09, 0xf8, 0x0b, 0xa0, 0xb1, 0xf9, 0x00, 0x00, 0x2e, 0xf8, 0x02, 0x0b,
  0xb1, 0xf9, 0x02, 0x00, 0x2e, 0xf8, 0x02, 0x0b, 0x64, 0x1c, 0x0c, 0xf1,
  0xe8, 0x09, 0x19, 0xf8, 0x04, 0x00, 0x09, 0x1d, 0xa0, 0xb1, 0x04, 0xf1,
  0x23, 0x0a, 0xaa, 0xeb, 0x03, 0x0a, 0x0a, 0xf1, 0x01, 0x0a, 0x0c, 0xf5,
  0x90, 0x79, 0x5f, 0xfa, 0x86, 0xfb, 0x76, 0x1c, 0x09, 0xf8, 0x0b, 0xa0,
  0xb1, 0xf9, 0x00, 0x90, 0x2e, 0xf8, 0x02, 0x9b, 0xb1, 0xf9, 0x02, 0x90,
  0x2e, 0xf8, 0x02, 0x9b, 0x09, 0x1d, 0x64, 0x1c, 0x52, 0x1e, 0xc5, 0xd1,
  0xb8, 0xf1, 0x00, 0x0f, 0x3e, 0x70, 0xbe, 0x70, 0x7e, 0x70, 0x1c, 0xbf,
  0xb8, 0x78, 0x00, 0x28, 0x33, 0xd0, 0x10, 0xf0, 0x03, 0x01, 0x0a, 0xd0,
  0xb5, 0xf9, 0x00, 0x20, 0x52, 0x42, 0x2a, 0x80, 0xb5, 0xf9, 0x02, 0x30,
  0x5b, 0x42, 0x6b, 0x80, 0x2d, 0x1d, 0x49, 0x1e, 0xf4, 0xd1, 0x80, 0x08,
  0x00, 0xf0, 0x23, 0x80, 0xb5, 0xf9, 0x00, 0x10, 0x49, 0x42, 0x29, 0x80,
  0xb5, 0xf9, 0x02, 0x10, 0x49, 0x42, 0x69, 0x80, 0x35, 0xf9, 0x04, 0x2f,
  0x52, 0x42, 0x2a, 0x80, 0xb5, 0xf9, 0x02, 0x20, 0x52, 0x42, 0x6a, 0x80,
  0x35, 0xf9, 0x04, 0x1f, 0x49, 0x42, 0x29, 0x80, 0xb5, 0xf9, 0x02, 0x10,
  0x49, 0x42, 0x69, 0x80, 0x35, 0xf9, 0x04, 0x2f, 0x52, 0x42, 0x2a, 0x80,
  0xb5, 0xf9, 0x02, 0x20, 0x52, 0x42, 0x6a, 0x80, 0x2d, 0x1d, 0x40, 0x1e,
  0xdc, 0xd1, 0x01, 0xb0, 0xbd, 0xe8, 0xf0, 0x8f, 0x01, 0x00, 0x20, 0x41,
  0x2d, 0xe9, 0xf0, 0x47, 0xd2, 0x4d, 0xaf, 0x78, 0x38, 0x46, 0x20, 0x28,
  0xa8, 0xbf, 0x20, 0x20, 0x68, 0x70, 0xac, 0x68, 0x01, 0x22, 0x39, 0x46,
  0x04, 0xf1, 0xe8, 0x00, 0x00, 0xf0, 0xae, 0xfe, 0x95, 0xf8, 0x01, 0x80,
  0x2e, 0x78, 0xb8, 0x45, 0x07, 0xd2, 0xa7, 0xeb, 0x08, 0x01, 0x04, 0xf1,
  0xe8, 0x00, 0xc9, 0xb2, 0x30, 0x44, 0xfc, 0xf7, 0xdd, 0xff, 0x00, 0x21,
  0x00, 0x2e, 0x21, 0x60, 0x61, 0x60, 0x6b, 0x68, 0x1a, 0x46, 0x48, 0xd0,
  0x16, 0xf0, 0x03, 0x01, 0x00, 0xf0, 0x0f, 0x80, 0x32, 0xf9, 0x02, 0xeb,
  0xd4, 0xf8, 0x00, 0xc0, 0x49, 0x1e, 0xe6, 0x44, 0xc4, 0xf8, 0x00, 0xe0,
  0x32, 0xf9, 0x02, 0x9b, 0x65, 0x68, 0xa9, 0x44, 0xc4, 0xf8, 0x04, 0x90,
  0xf0, 0xd1, 0xb0, 0x08, 0x00, 0xf0, 0x33, 0x80, 0x32, 0xf9, 0x02, 0x1b,
  0xd4, 0xf8, 0x00, 0xc0, 0x61, 0x44, 0x21, 0x60, 0x32, 0xf9, 0x02, 0x1b,
  0xd4, 0xf8, 0x04, 0xe0, 0x8e, 0x44, 0xc4, 0xf8, 0x04, 0xe0, 0x32, 0xf9,
  0x02, 0xcb, 0x21, 0x68, 0x61, 0x44, 0x21, 0x60, 0x32, 0xf9, 0x02, 0xcb,
  0xd4, 0xf8, 0x04, 0xe0, 0xf4, 0x44, 0xc4, 0xf8, 0x04, 0xc0, 0x32, 0xf9,
  0x02, 0x1b, 0x25, 0x68, 0x69, 0x18, 0x40, 0x1e, 0x21, 0x60, 0x32, 0xf9,
  0x02, 0x1b, 0xd4, 0xf8, 0x04, 0xc0, 0x8c, 0x44, 0xc4, 0xf8, 0x04, 0xc0,
  0x32, 0xf9, 0x02, 0xcb, 0x21, 0x68, 0x61, 0x44, 0x21, 0x60, 0x32, 0xf9,
  0x02, 0xcb, 0xd4, 0xf8, 0x04, 0xe0, 0xf4, 0x44, 0xc4, 0xf8, 0x04, 0xc0,
  0xcc, 0xd1, 0xb6, 0x46, 0xbe, 0x42, 0x03, 0xeb, 0x8e, 0x0c, 0x32, 0x46,
  0x31, 0x46, 0x63, 0x46, 0x6e, 0xd2, 0xbf, 0x1b, 0xf8, 0xb2, 0x24, 0x27,
  0xc5, 0x07, 0x18, 0xd5, 0x04, 0xf1, 0xe8, 0x09, 0x51, 0x1c, 0x19, 0xf8,
  0x0e, 0x60, 0x86, 0xb1, 0x04, 0xf5, 0x90, 0x72, 0x02, 0xf8, 0x0e, 0x70,
  0x3c, 0xf9, 0x02, 0x5b, 0xd4, 0xf8, 0x00, 0xe0, 0x0a, 0x46, 0x75, 0x44,
  0x25, 0x60, 0x3c, 0xf9, 0x02, 0x9b, 0x66, 0x68, 0xb1, 0x44, 0xc4, 0xf8,
  0x04, 0x90, 0x1b, 0x1d, 0x25, 0x27, 0x40, 0x08, 0x4e, 0xd0, 0x0e, 0x46,
  0x04, 0xf1, 0xe8, 0x0e, 0xf5, 0xb2, 0x1e, 0xf8, 0x05, 0x10, 0xd9, 0xb1,
  0x9c, 0x45, 0x07, 0xd0, 0xb3, 0xf9, 0x00, 0x10, 0xac, 0xf8, 0x00, 0x10,
  0xb3, 0xf8, 0x02, 0xe0, 0xac, 0xf8, 0x02, 0xe0, 0x04, 0xf5, 0x90, 0x71,
  0xd5, 0xb2, 0x4f, 0x55, 0x3c, 0xf9, 0x02, 0xeb, 0xd4, 0xf8, 0x00, 0x90,
  0x52, 0x1c, 0xce, 0x44, 0xc4, 0xf8, 0x00, 0xe0, 0x3c, 0xf9, 0x02, 0x1b,
  0xd4, 0xf8, 0x04, 0xa0, 0x51, 0x44, 0x61, 0x60, 0x76, 0x1c, 0x04, 0xf1,
  0xe8, 0x0e, 0xf5, 0xb2, 0x1b, 0x1d, 0x1e, 0xf8, 0x05, 0x10, 0xe9, 0xb1,
  0x9c, 0x45, 0x07, 0xd0, 0xb3, 0xf9, 0x00, 0x10, 0xac, 0xf8, 0x00, 0x10,
  0xb3, 0xf8, 0x02, 0xe0, 0xac, 0xf8, 0x02, 0xe0, 0x79, 0x1c, 0x04, 0xf5,
  0x90, 0x75, 0x5f, 0xfa, 0x82, 0xf9, 0x52, 0x1c, 0x05, 0xf8, 0x09, 0x10,
  0x3c, 0xf9, 0x02, 0xab, 0xd4, 0xf8, 0x00, 0xe0, 0xf2, 0x44, 0xc4, 0xf8,
  0x00, 0xa0, 0x3c, 0xf9, 0x02, 0x5b, 0x61, 0x68, 0x4d, 0x19, 0x65, 0x60,
  0x1b, 0x1d, 0x76, 0x1c, 0x40, 0x1e, 0x07, 0xf1, 0x02, 0x07, 0xb1, 0xd1,
  0x21, 0x68, 0x01, 0xeb, 0x58, 0x01, 0x91, 0xfb, 0xf8, 0xf1, 0x21, 0x80,
  0x62, 0x68, 0x02, 0xeb, 0x58, 0x00, 0x90, 0xfb, 0xf8, 0xf0, 0x60, 0x80,
  0xbd, 0xe8, 0xf0, 0x87, 0x2d, 0xe9, 0xf0, 0x41, 0x59, 0x4c, 0x00, 0x20,
  0xa3, 0x68, 0x18, 0x60, 0x58, 0x60, 0x62, 0x78, 0x65, 0x68, 0x00, 0x2a,
  0x2e, 0x46, 0x41, 0xd0, 0x12, 0xf0, 0x03, 0x01, 0x00, 0xf0, 0x0f, 0x80,
  0x36, 0xf9, 0x02, 0xcb, 0x1f, 0x68, 0x49, 0x1e, 0xbc, 0x44, 0xc3, 0xf8,
  0x00, 0xc0, 0x36, 0xf9, 0x02, 0x8b, 0xd3, 0xf8, 0x04, 0xe0, 0xf0, 0x44,
  0xc3, 0xf8, 0x04, 0x80, 0xf0, 0xd1, 0x90, 0x08, 0x00, 0xf0, 0x2c, 0x80,
  0x36, 0xf9, 0x02, 0x1b, 0x1f, 0x68, 0x79, 0x18, 0x19, 0x60, 0x36, 0xf9,
  0x02, 0xeb, 0xd3, 0xf8, 0x04, 0xc0, 0xe6, 0x44, 0xc3, 0xf8, 0x04, 0xe0,
  0x36, 0xf9, 0x02, 0x7b, 0xcf, 0x19, 0x1f, 0x60, 0x36, 0xf9, 0x02, 0xcb,
  0x59, 0x68, 0x8c, 0x44, 0xc3, 0xf8, 0x04, 0xc0, 0x36, 0xf9, 0x02, 0x1b,
  0x79, 0x18, 0x19, 0x60, 0x36, 0xf9, 0x02, 0xeb, 0x5f, 0x68, 0xbe, 0x44,
  0xc3, 0xf8, 0x04, 0xe0, 0x36, 0xf9, 0x02, 0x7b, 0xc9, 0x19, 0x40, 0x1e,
  0x19, 0x60, 0x36, 0xf9, 0x02, 0x7b, 0xd3, 0xf8, 0x04, 0xc0, 0x67, 0x44,
  0x5f, 0x60, 0xd3, 0xd1, 0x1f, 0x68, 0x20, 0x69, 0x4f, 0xf0, 0x00, 0x08,
  0x00, 0x26, 0x07, 0xeb, 0x52, 0x07, 0x97, 0xfb, 0xf2, 0xf7, 0x07, 0x80,
  0x5b, 0x68, 0x03, 0xeb, 0x52, 0x01, 0x91, 0xfb, 0xf2, 0xf1, 0x41, 0x80,
  0x60, 0x69, 0xc0, 0xe9, 0x00, 0x88, 0x5a, 0xb1, 0x23, 0x69, 0x62, 0x69,
  0x55, 0xf8, 0x04, 0x0b, 0x76, 0x1c, 0x19, 0x68, 0xff, 0xf7, 0xa4, 0xfb,
  0x61, 0x78, 0xf2, 0xb2, 0x8a, 0x42, 0xf3, 0xd3, 0x20, 0x69, 0x01, 0x68,
  0x60, 0x69, 0xff, 0xf7, 0xae, 0xfb, 0x06, 0x20, 0xfc, 0xf7, 0x7e, 0xff,
  0x05, 0x46, 0x20, 0x69, 0x00, 0x68, 0x00, 0xf0, 0x6f, 0xfd, 0x28, 0x62,
  0xbd, 0xe8, 0xf0, 0x81, 0x30, 0xb5, 0x1b, 0x4c, 0x81, 0xb0, 0xa2, 0x78,
  0x63, 0x68, 0x49, 0xb1, 0x01, 0xb2, 0x49, 0x42, 0x23, 0xf8, 0x22, 0x10,
  0x01, 0x14, 0x49, 0x42, 0x9b, 0x1c, 0x23, 0xf8, 0x22, 0x10, 0x01, 0xe0,
  0x43, 0xf8, 0x22, 0x00, 0x00, 0xf0, 0x58, 0xfd, 0xa2, 0x68, 0xa1, 0x78,
  0x02, 0xeb, 0x81, 0x05, 0xa8, 0x60, 0x01, 0xb0, 0x49, 0x1c, 0xa1, 0x70,
  0x30, 0xbd, 0x0d, 0x48, 0x00, 0x21, 0x01, 0x70, 0x81, 0x70, 0x70, 0x47,
  0x0a, 0x48, 0x40, 0x78, 0x70, 0x47, 0x10, 0xb5, 0x08, 0x4c, 0x02, 0x1d,
  0x20, 0x61, 0x05, 0x20, 0x62, 0x61, 0xfc, 0xf7, 0x49, 0xff, 0xa0, 0x60,
  0x0b, 0x20, 0xfc, 0xf7, 0x45, 0xff, 0xe0, 0x60, 0x04, 0x20, 0xfc, 0xf7,
  0x41, 0xff, 0x60, 0x60, 0x10, 0xbd, 0x00, 0x00, 0x80, 0x46, 0x00, 0x20,
  0x2d, 0xe9, 0xf0, 0x47, 0x41, 0x4c, 0x16, 0x46, 0x27, 0x88, 0x80, 0x46,
  0x89, 0x46, 0x9a, 0x46, 0xf7, 0x19, 0x27, 0x80, 0x62, 0x88, 0xb0, 0x18,
  0x81, 0xb2, 0xc1, 0x29, 0x02, 0xda, 0x5f, 0xea, 0x0a, 0x02, 0x3c, 0xd0,
  0x5f, 0xea, 0x0a, 0x00, 0x2e, 0xd0, 0xb8, 0xb2, 0x3f, 0x30, 0x4d, 0x08,
  0x80, 0x11, 0x81, 0xb2, 0x02, 0x29, 0xd8, 0xbf, 0x03, 0x20, 0x06, 0xeb,
  0x80, 0x13, 0x0f, 0x22, 0x08, 0xeb, 0x06, 0x00, 0xdf, 0x1b, 0xb9, 0xb2,
  0x89, 0x1b, 0x3e, 0x46, 0xfd, 0xf7, 0xce, 0xff, 0x18, 0x20, 0xfb, 0xf7,
  0x83, 0xfe, 0x53, 0x46, 0xb2, 0xb2, 0x49, 0x46, 0x40, 0x46, 0x00, 0xf0,
  0x0e, 0xfd, 0xa8, 0xb2, 0x50, 0xb1, 0x1f, 0x30, 0xc0, 0x02, 0x01, 0x0c,
  0xa0, 0x88, 0x09, 0xeb, 0xd0, 0x00, 0x00, 0xf0, 0xfb, 0xfc, 0xa1, 0x88,
  0x69, 0x18, 0xa1, 0x80, 0x18, 0x20, 0xfb, 0xf7, 0x83, 0xfe, 0xa8, 0xb2,
  0xbd, 0xe8, 0xf0, 0x87, 0xa1, 0xf1, 0xc0, 0x05, 0x6d, 0x10, 0x1f, 0x35,
  0x4f, 0xf6, 0xe0, 0x70, 0x05, 0x40, 0xa1, 0xeb, 0x45, 0x01, 0x61, 0x80,
  0xd8, 0xe7, 0x00, 0x25, 0x60, 0x80, 0xd5, 0xe7, 0x10, 0xb5, 0x19, 0x4c,
  0x00, 0x20, 0x20, 0x80, 0x80, 0x21, 0x60, 0x80, 0xa0, 0x80, 0xa0, 0x68,
  0xfc, 0xf7, 0xf4, 0xfd, 0xa1, 0x68, 0x20, 0x22, 0x0a, 0x80, 0xe0, 0x68,
  0x80, 0x21, 0xfc, 0xf7, 0xed, 0xfd, 0x20, 0x69, 0x4f, 0xf4, 0x40, 0x71,
  0xfc, 0xf7, 0xe8, 0xfd, 0x60, 0x69, 0x40, 0x21, 0xff, 0xf7, 0xda, 0xf9,
  0x61, 0x69, 0x4f, 0xf4, 0x80, 0x70, 0x88, 0x61, 0x18, 0x20, 0xfb, 0xf7,
  0x3b, 0xfe, 0x0a, 0x48, 0x0a, 0x49, 0x08, 0x60, 0x18, 0x20, 0xbd, 0xe8,
  0x10, 0x40, 0xfb, 0xf7, 0x49, 0xbe, 0x05, 0x49, 0x02, 0x68, 0x8a, 0x60,
  0x43, 0x68, 0xcb, 0x60, 0x82, 0x68, 0x0a, 0x61, 0xc0, 0x68, 0x48, 0x61,
  0x70, 0x47, 0x00, 0x00, 0x98, 0x46, 0x00, 0x20, 0x09, 0x00, 0x80, 0x01,
  0x4c, 0x00, 0x10, 0xe0, 0x10, 0xee, 0x10, 0x0a, 0xb5, 0xee, 0x40, 0x0a,
  0x4f, 0xf0, 0x80, 0x71, 0x11, 0xeb, 0x40, 0x0f, 0x80, 0xf0, 0xf4, 0x85,
  0xf1, 0xee, 0x10, 0xfa, 0x21, 0x49, 0xf1, 0xec, 0x07, 0x0a, 0x40, 0xf3,
  0xf7, 0x85, 0xc2, 0x0d, 0x01, 0xf1, 0x0c, 0x01, 0x91, 0xec, 0x05, 0x4a,
  0x2d, 0xd0, 0x7e, 0x3a, 0xa0, 0xeb, 0xc2, 0x50, 0x00, 0xee, 0x10, 0x0a,
  0xb4, 0xee, 0x60, 0x0a, 0xf1, 0xee, 0x10, 0xfa, 0x44, 0xbf, 0x52, 0x1e,
  0x20, 0xee, 0x21, 0x0a, 0x00, 0xee, 0x90, 0x2a, 0xf8, 0xee, 0xe0, 0x0a,
  0x70, 0xee, 0x41, 0x6a, 0x30, 0xee, 0x01, 0x7a, 0x86, 0xee, 0x87, 0x7a,
  0x67, 0xee, 0x07, 0x7a, 0x02, 0xee, 0xa7, 0x3a, 0x43, 0xee, 0x27, 0x3a,
  0xb0, 0xee, 0x66, 0x0a, 0x03, 0xee, 0xe7, 0x0a, 0x20, 0xee, 0x07, 0x7a,
  0x20, 0xee, 0x85, 0x0a, 0x05, 0xee, 0xc7, 0x0a, 0x04, 0xee, 0xa6, 0x0a,
  0x04, 0xee, 0x26, 0x0a, 0x06, 0xee, 0x20, 0x0a, 0x70, 0x47, 0x20, 0xee,
  0x02, 0x0a, 0x10, 0xee, 0x10, 0x0a, 0xc2, 0x0d, 0x7e, 0x3a, 0xa0, 0xeb,
  0xc2, 0x50, 0x17, 0x3a, 0xca, 0xe7, 0x00, 0x00, 0x1c, 0x6a, 0x00, 0x00,
  0x2d, 0xe9, 0xf0, 0x47, 0x00, 0x26, 0xb0, 0x4d, 0x2d, 0xed, 0x04, 0x8b,
  0x84, 0xb0, 0x9f, 0xed, 0xa4, 0x8a, 0xff, 0xf7, 0xff, 0xfe, 0x04, 0x46,
  0x00, 0x2c, 0x44, 0xdd, 0x10, 0xf0, 0x03, 0x01, 0x6a, 0x68, 0x2b, 0x68,
  0x00, 0xf0, 0x10, 0x80, 0x18, 0xee, 0x10, 0x8a, 0x03, 0xf5, 0x90, 0x7c,
  0x5f, 0xfa, 0x86, 0xfe, 0x76, 0x1c, 0x1c, 0xf8, 0x0e, 0x70, 0x49, 0x1e,
  0x32, 0xf9, 0x17, 0x90, 0xc8, 0x44, 0xf5, 0xd1, 0x08, 0xee, 0x10, 0x8a,
  0x80, 0x08, 0x2c, 0xd0, 0x18, 0xee, 0x10, 0x1a, 0x03, 0xf5, 0x90, 0x78,
  0x5f, 0xfa, 0x86, 0xfc, 0x76, 0x1c, 0x18, 0xf8, 0x0c, 0xe0, 0x03, 0xf5,
  0x90, 0x79, 0x5f, 0xfa, 0x86, 0xfa, 0x76, 0x1c, 0x19, 0xf8, 0x0a, 0x80,
  0x32, 0xf9, 0x1e, 0x70, 0x03, 0xf5, 0x90, 0x7e, 0x32, 0xf9, 0x18, 0xc0,
  0xc9, 0x19, 0xf7, 0xb2, 0x76, 0x1c, 0x1e, 0xf8, 0x07, 0x90, 0x5f, 0xfa,
  0x86, 0xfa, 0x76, 0x1c, 0x61, 0x44, 0x03, 0xf5, 0x90, 0x7c, 0x1c, 0xf8,
  0x0a, 0xe0, 0x32, 0xf9, 0x19, 0x80, 0x32, 0xf9, 0x1e, 0x70, 0x41, 0x44,
  0xc9, 0x19, 0x40, 0x1e, 0xd6, 0xd1, 0x08, 0xee, 0x10, 0x1a, 0x20, 0x46,
  0xb8, 0xee, 0xc8, 0x0a, 0x00, 0xee, 0x90, 0x0a, 0x28, 0x68, 0xf8, 0xee,
  0x60, 0x0a, 0x00, 0x27, 0x80, 0xee, 0x20, 0x8a, 0x06, 0x68, 0x04, 0x20,
  0xfc, 0xf7, 0xfc, 0xfd, 0x00, 0x2c, 0xdf, 0xed, 0x76, 0x8a, 0x9f, 0xed,
  0x75, 0x9a, 0x80, 0x46, 0x40, 0xf3, 0x2f, 0x80, 0x58, 0xf8, 0x04, 0x0b,
  0x6b, 0x46, 0x09, 0x22, 0x31, 0x46, 0x00, 0xf0, 0x4f, 0xfd, 0x29, 0x68,
  0xfb, 0xb2, 0x68, 0x68, 0xdd, 0xed, 0x02, 0x0a, 0xf8, 0xee, 0xe0, 0x0a,
  0x7f, 0x1c, 0x01, 0xf5, 0x90, 0x72, 0x12, 0xf8, 0x03, 0xc0, 0x30, 0xf9,
  0x1c, 0xe0, 0xdd, 0xe9, 0x00, 0x01, 0x00, 0xee, 0x10, 0xea, 0xb8, 0xee,
  0xc0, 0x0a, 0x70, 0xee, 0x48, 0x9a, 0x40, 0xee, 0xe9, 0x8a, 0x00, 0xf0,
  0x53, 0xfd, 0xfa, 0xb2, 0x01, 0xee, 0x10, 0x0a, 0xa2, 0x42, 0x21, 0xee,
  0x29, 0x1a, 0x01, 0xee, 0x29, 0x9a, 0xd5, 0xdb, 0xb5, 0xee, 0x40, 0x9a,
  0xf1, 0xee, 0x10, 0xfa, 0x01, 0xd1, 0x9f, 0xed, 0x5c, 0x9a, 0x88, 0xee,
  0x89, 0x0a, 0xdf, 0xed, 0x5b, 0x0a, 0xb4, 0xee, 0x60, 0x0a, 0xf1, 0xee,
  0x10, 0xfa, 0xa8, 0xbf, 0x9f, 0xed, 0x58, 0x0a, 0x08, 0xda, 0xdf, 0xed,
  0x58, 0x0a, 0xb4, 0xee, 0x60, 0x0a, 0xf1, 0xee, 0x10, 0xfa, 0x48, 0xbf,
  0xb0, 0xee, 0x60, 0x0a, 0x85, 0xed, 0x02, 0x0a, 0x59, 0x4e, 0xd6, 0xf8,
  0x00, 0x80, 0xd5, 0xed, 0x02, 0x0a, 0x9f, 0xed, 0x51, 0x1a, 0x00, 0x27,
  0x20, 0xee, 0x81, 0x1a, 0x9f, 0xed, 0x4f, 0x0a, 0x01, 0xee, 0x90, 0x8a,
  0x81, 0xee, 0x00, 0x0a, 0xf8, 0xee, 0x61, 0x1a, 0x20, 0xee, 0x21, 0x0a,
  0xfb, 0xf7, 0xae, 0xfd, 0xbd, 0xee, 0xc0, 0x0a, 0x10, 0xee, 0x10, 0x0a,
  0xa8, 0xeb, 0x00, 0x08, 0xc6, 0xf8, 0x00, 0x80, 0x70, 0x68, 0x40, 0xf0,
  0x80, 0x50, 0x70, 0x60, 0x04, 0x20, 0xfc, 0xf7, 0x87, 0xfd, 0x00, 0x2c,
  0x80, 0x46, 0x44, 0xdd, 0x9f, 0xed, 0x41, 0x8a, 0x26, 0x46, 0xf2, 0xee,
  0x02, 0x8a, 0x29, 0x68, 0xfb, 0xb2, 0x68, 0x68, 0xd5, 0xed, 0x02, 0x0a,
  0xd8, 0xf8, 0x00, 0x40, 0x7f, 0x1c, 0x01, 0xf5, 0x90, 0x72, 0x12, 0xf8,
  0x03, 0xc0, 0x30, 0xf9, 0x1c, 0xe0, 0x00, 0xee, 0x10, 0xea, 0xb8, 0xee,
  0xc0, 0x0a, 0x60, 0xee, 0x20, 0x0a, 0x20, 0xee, 0xa8, 0x9a, 0xb0, 0xee,
  0x49, 0x0a, 0x00, 0xf0, 0xfd, 0xfd, 0xf0, 0xee, 0x40, 0x9a, 0xb0, 0xee,
  0x49, 0x0a, 0x00, 0xf0, 0xf9, 0xfd, 0xb0, 0xee, 0x40, 0x9a, 0x29, 0xee,
  0x88, 0x0a, 0xfb, 0xf7, 0x71, 0xfd, 0xf0, 0xee, 0x40, 0x9a, 0x29, 0xee,
  0x08, 0x0a, 0xfb, 0xf7, 0x6b, 0xfd, 0xfd, 0xee, 0xe9, 0x0a, 0xbd, 0xee,
  0xc0, 0x0a, 0x10, 0xee, 0x90, 0x0a, 0x10, 0xee, 0x10, 0x1a, 0x00, 0xb2,
  0x09, 0xb2, 0xc0, 0xea, 0x01, 0x41, 0x20, 0x46, 0x00, 0xf0, 0xb2, 0xfc,
  0x48, 0xf8, 0x04, 0x0b, 0xf8, 0xb2, 0xb0, 0x42, 0xbf, 0xdb, 0x04, 0xb0,
  0xbd, 0xec, 0x04, 0x8b, 0xbd, 0xe8, 0xf0, 0x87, 0x1f, 0x48, 0xdf, 0xed,
  0x1d, 0x0a, 0x00, 0xb5, 0x90, 0xed, 0x02, 0x0a, 0x81, 0xb0, 0x60, 0xee,
  0x20, 0x0a, 0x9f, 0xed, 0x1a, 0x1a, 0x80, 0xee, 0x81, 0x0a, 0xfb, 0xf7,
  0x43, 0xfd, 0xbd, 0xee, 0xc0, 0x0a, 0x01, 0xb0, 0x10, 0xee, 0x10, 0x0a,
  0x00, 0xbd, 0x10, 0xb5, 0x14, 0x4c, 0x00, 0x21, 0xa1, 0x60, 0x05, 0x20,
  0xfc, 0xf7, 0x1e, 0xfd, 0x20, 0x60, 0x08, 0x20, 0xfc, 0xf7, 0x1a, 0xfd,
  0x60, 0x60, 0x00, 0x21, 0x4a, 0x22, 0x53, 0xb2, 0x52, 0x1e, 0x20, 0xf8,
  0x13, 0x10, 0x20, 0x39, 0x53, 0xb2, 0x00, 0x2b, 0xf7, 0xd5, 0x10, 0xbd,
  0x00, 0x00, 0x00, 0x00, 0x01, 0x00, 0x00, 0x00, 0x9f, 0x10, 0xf7, 0x37,
  0x9e, 0x10, 0xf7, 0x37, 0x9e, 0x10, 0xf7, 0xb7, 0x00, 0x00, 0x00, 0x42,
  0xdb, 0x0f, 0xc9, 0x40, 0x00, 0xfe, 0xff, 0x46, 0x28, 0x6b, 0x6e, 0x50,
  0xdb, 0x0f, 0x49, 0x40, 0xd0, 0x46, 0x00, 0x20, 0x24, 0x00, 0x00, 0x40,
  0xf0, 0xb5, 0x81, 0xb0, 0xdf, 0xf8, 0x44, 0x14, 0x8a, 0x68, 0x48, 0x69,
  0xdf, 0xf8, 0x40, 0x44, 0x02, 0x40, 0xd0, 0x07, 0x38, 0xd5, 0x0b, 0x68,
  0x94, 0xf8, 0x48, 0x01, 0x9b, 0xb2, 0xb0, 0xb9, 0x07, 0x2b, 0x03, 0xdb,
  0x40, 0xf2, 0x09, 0x40, 0x08, 0x61, 0x2d, 0xe0, 0xd4, 0xf8, 0x54, 0x51,
  0x54, 0xf8, 0x23, 0x00, 0xdf, 0xf8, 0x1c, 0x74, 0x28, 0x60, 0xd4, 0xf8,
  0x58, 0x61, 0x30, 0x60, 0x01, 0x20, 0x38, 0x60, 0x84, 0xf8, 0x48, 0x01,
  0xa4, 0xf8, 0x4a, 0x31, 0x1c, 0xe0, 0x01, 0x28, 0x1a, 0xd1, 0x18, 0x04,
  0x10, 0xd5, 0xd4, 0xf8, 0x64, 0x51, 0xc3, 0xf3, 0x0e, 0x03, 0xdf, 0xf8,
  0xf4, 0x03, 0x02, 0x26, 0x2b, 0x60, 0x01, 0x23, 0x43, 0x60, 0x06, 0x60,
  0x40, 0xf2, 0x01, 0x40, 0x08, 0x61, 0x84, 0xf8, 0x48, 0x61, 0x05, 0xe0,
  0x09, 0x20, 0x03, 0x25, 0x08, 0x61, 0x00, 0x23, 0x84, 0xf8, 0x48, 0x51,
  0x84, 0xf8, 0x47, 0x31, 0x90, 0x07, 0x0d, 0xd5, 0xb4, 0xf8, 0x4c, 0x31,
  0x02, 0x25, 0x00, 0x26, 0x4b, 0x60, 0x0d, 0x61, 0xd4, 0xf8, 0x60, 0x01,
  0xd4, 0xf8, 0x5c, 0x51, 0x03, 0x68, 0x2b, 0x60, 0x84, 0xf8, 0x48, 0x61,
  0xd0, 0x05, 0x72, 0xd5, 0x0a, 0x68, 0xdf, 0xf8, 0xa4, 0x03, 0x01, 0x23,
  0x02, 0x25, 0x43, 0x60, 0x00, 0x22, 0x45, 0x60, 0x6f, 0xf0, 0x7f, 0x43,
  0x84, 0xf8, 0x48, 0x21, 0x40, 0xf2, 0x0b, 0x52, 0x43, 0x65, 0x41, 0xf2,
  0x22, 0x10, 0x48, 0x60, 0xca, 0x60, 0x94, 0xf8, 0x47, 0x01, 0xb4, 0xf8,
  0x4a, 0x11, 0x18, 0xb3, 0x01, 0x29, 0x08, 0xbf, 0x00, 0x21, 0x02, 0xd0,
  0x02, 0x29, 0x04, 0xd1, 0x01, 0x21, 0x60, 0x68, 0xfe, 0xf7, 0x2c, 0xfb,
  0x49, 0xe0, 0x06, 0x29, 0x47, 0xd1, 0x94, 0xf8, 0x44, 0x51, 0x4a, 0x22,
  0xa1, 0x69, 0x2b, 0x46, 0x12, 0xfb, 0x03, 0xf3, 0xe0, 0x18, 0x1c, 0x30,
  0xfc, 0xf7, 0x18, 0xfb, 0x94, 0xf8, 0x46, 0x01, 0x03, 0x2d, 0x0c, 0xbf,
  0x00, 0x25, 0x6d, 0x1c, 0x84, 0xf8, 0x44, 0x51, 0x40, 0x1c, 0x84, 0xf8,
  0x46, 0x01, 0x30, 0xe0, 0x03, 0x29, 0x07, 0xd1, 0xb4, 0xf8, 0x4c, 0x11,
  0x4f, 0xf6, 0xfe, 0x70, 0x01, 0x40, 0xa4, 0xf8, 0x4c, 0x11, 0x26, 0xe0,
  0x05, 0x29, 0x0c, 0xd1, 0xb4, 0xf8, 0x4c, 0x11, 0x4f, 0xf6, 0xfd, 0x70,
  0x01, 0x40, 0xa4, 0xf8, 0x4c, 0x11, 0xd4, 0xf8, 0x50, 0x01, 0x41, 0x68,
  0x09, 0x0c, 0x09, 0x04, 0x16, 0xe0, 0x04, 0x29, 0x07, 0xd1, 0xb4, 0xf8,
  0x4c, 0x11, 0x4f, 0xf6, 0xf7, 0x70, 0x01, 0x40, 0xa4, 0xf8, 0x4c, 0x11,
  0x0d, 0xe0, 0x06, 0x29, 0x0b, 0xd1, 0xb4, 0xf8, 0x4c, 0x11, 0x4f, 0xf6,
  0xfb, 0x70, 0x01, 0x40, 0xa4, 0xf8, 0x4c, 0x11, 0xd4, 0xf8, 0x50, 0x01,
  0x41, 0x68, 0x89, 0xb2, 0x41, 0x60, 0xb4, 0xf8, 0x4c, 0x01, 0x10, 0xb9,
  0x08, 0x21, 0xb2, 0x4a, 0x11, 0x60, 0x01, 0xb0, 0xf0, 0xbd, 0x10, 0xb5,
  0x01, 0x46, 0xad, 0x4c, 0xe0, 0x68, 0x0a, 0x22, 0xfc, 0xf7, 0xcc, 0xfa,
  0x72, 0xb6, 0xbf, 0xf3, 0x5f, 0x8f, 0xb4, 0xf8, 0x4c, 0x31, 0x43, 0xf0,
  0x01, 0x03, 0xa4, 0xf8, 0x4c, 0x31, 0xbf, 0xf3, 0x5f, 0x8f, 0x62, 0xb6,
  0x08, 0x20, 0xa7, 0x49, 0x08, 0x60, 0x10, 0xbd, 0x30, 0xb5, 0xa2, 0x4d,
  0x0c, 0x46, 0x01, 0x46, 0x68, 0x69, 0x81, 0xb0, 0x22, 0x46, 0xfc, 0xf7,
  0xb3, 0xfa, 0x72, 0xb6, 0xbf, 0xf3, 0x5f, 0x8f, 0xd5, 0xf8, 0x50, 0x01,
  0x41, 0x68, 0x64, 0xf3, 0x0f, 0x01, 0x41, 0x60, 0xb5, 0xf8, 0x4c, 0x01,
  0x40, 0xf0, 0x02, 0x00, 0xa5, 0xf8, 0x4c, 0x01, 0xbf, 0xf3, 0x5f, 0x8f,
  0x62, 0xb6, 0x08, 0x21, 0x97, 0x4a, 0x11, 0x60, 0x01, 0xb0, 0x30, 0xbd,
  0x10, 0xb5, 0x01, 0x46, 0x91, 0x4c, 0x20, 0x69, 0x14, 0x22, 0xfc, 0xf7,
  0x95, 0xfa, 0x72, 0xb6, 0xbf, 0xf3, 0x5f, 0x8f, 0xb4, 0xf8, 0x4c, 0x31,
  0x43, 0xf0, 0x08, 0x03, 0xa4, 0xf8, 0x4c, 0x31, 0xbf, 0xf3, 0x5f, 0x8f,
  0x62, 0xb6, 0x08, 0x20, 0x8b, 0x49, 0x08, 0x60, 0x10, 0xbd, 0x89, 0x49,
  0x10, 0xb1, 0x01, 0x20, 0x48, 0x60, 0x70, 0x47, 0x01, 0x22, 0x0a, 0x60,
  0x70, 0x47, 0x70, 0xb5, 0x84, 0xb0, 0x86, 0x49, 0x00, 0x91, 0x86, 0x4a,
  0x86, 0x4b, 0x87, 0x49, 0x01, 0x92, 0x68, 0x46, 0x02, 0x93, 0x86, 0x4c,
  0x03, 0x91, 0x86, 0x4d, 0xfe, 0xf7, 0x6c, 0xfa, 0x08, 0x20, 0x7b, 0x4e,
  0xfb, 0xf7, 0x34, 0xfb, 0x80, 0x20, 0x02, 0x21, 0x20, 0x60, 0x82, 0x4b,
  0x21, 0x60, 0x62, 0x68, 0x52, 0x08, 0x52, 0x00, 0x62, 0x60, 0x60, 0x68,
  0x00, 0x22, 0x40, 0xf0, 0x10, 0x00, 0x60, 0x60, 0x61, 0x68, 0x21, 0xf4,
  0x70, 0x21, 0x61, 0x60, 0x60, 0x68, 0x40, 0xf4, 0x60, 0x20, 0x60, 0x60,
  0x21, 0x6b, 0x21, 0xf0, 0xf0, 0x01, 0x21, 0x63, 0x20, 0x6b, 0x40, 0xf0,
  0x80, 0x00, 0x20, 0x63, 0x21, 0x6b, 0x49, 0x08, 0x49, 0x00, 0x21, 0x63,
  0x20, 0x6b, 0x40, 0xf0, 0x02, 0x00, 0x20, 0x63, 0x61, 0x68, 0x65, 0x48,
  0x21, 0xf0, 0x02, 0x01, 0x61, 0x60, 0x6f, 0x49, 0xc5, 0xf8, 0x90, 0x00,
  0x00, 0x20, 0xc5, 0xf8, 0xa8, 0x10, 0x02, 0x21, 0xc5, 0xf8, 0x9c, 0x20,
  0x6b, 0x4a, 0xc5, 0xf8, 0xa4, 0x00, 0x29, 0x60, 0x6b, 0x65, 0xaa, 0x66,
  0x01, 0x22, 0xe8, 0x65, 0x68, 0x66, 0x30, 0x46, 0x2a, 0x60, 0x00, 0xf0,
  0x1d, 0xfc, 0x30, 0x68, 0x01, 0x21, 0xc6, 0xf8, 0x50, 0x01, 0x00, 0x22,
  0x21, 0x60, 0x6f, 0xf0, 0x7f, 0x43, 0xa6, 0xf8, 0x4c, 0x21, 0x41, 0xf2,
  0x22, 0x11, 0x86, 0xf8, 0x48, 0x21, 0x86, 0xf8, 0x44, 0x21, 0x86, 0xf8,
  0x45, 0x21, 0x86, 0xf8, 0x46, 0x21, 0x40, 0xf2, 0x0b, 0x52, 0x2b, 0x66,
  0x05, 0xf1, 0x50, 0x03, 0xe1, 0x60, 0x05, 0xf1, 0x94, 0x01, 0x62, 0x61,
  0x05, 0xf1, 0xa0, 0x02, 0xc6, 0xf8, 0x5c, 0x01, 0x55, 0x48, 0xc6, 0xf8,
  0x54, 0x31, 0x4a, 0x4b, 0xc6, 0xf8, 0x58, 0x11, 0x08, 0x21, 0xc6, 0xf8,
  0x60, 0x01, 0xc6, 0xf8, 0x64, 0x21, 0x19, 0x60, 0x04, 0xb0, 0x70, 0xbd,
  0x2d, 0xe9, 0xf0, 0x47, 0xdf, 0xf8, 0x0c, 0x81, 0xdf, 0xf8, 0x34, 0x91,
  0xdf, 0xf8, 0xf8, 0x70, 0x97, 0xf8, 0x46, 0x01, 0x00, 0x28, 0x73, 0xd0,
  0x97, 0xf8, 0x45, 0x01, 0x4a, 0x21, 0x07, 0xf1, 0x1c, 0x02, 0x11, 0xfb,
  0x00, 0xf0, 0x39, 0x18, 0x10, 0x5c, 0x4b, 0x7f, 0xca, 0x7f, 0x01, 0xf1,
  0x22, 0x0a, 0x1b, 0x04, 0x03, 0xeb, 0x00, 0x63, 0x88, 0x7f, 0x03, 0xeb,
  0x00, 0x23, 0x91, 0xf8, 0x21, 0x00, 0x9e, 0x18, 0x91, 0xf8, 0x20, 0x30,
  0x00, 0xeb, 0x03, 0x25, 0x2c, 0x04, 0xa4, 0x0e, 0x00, 0x2e, 0x04, 0xf0,
  0x01, 0x04, 0xc5, 0xf3, 0x08, 0x05, 0x15, 0xd5, 0xb0, 0xb2, 0x34, 0x28,
  0xa8, 0xbf, 0x33, 0x26, 0xf0, 0xb2, 0xfc, 0xf7, 0xf3, 0xfe, 0x00, 0x2c,
  0x05, 0x46, 0x2a, 0x46, 0x04, 0xd0, 0x51, 0x46, 0xf0, 0xb2, 0xfc, 0xf7,
  0xe5, 0xfc, 0x2b, 0xe0, 0xb9, 0x69, 0xf0, 0xb2, 0xfc, 0xf7, 0x2c, 0xfb,
  0x30, 0xbb, 0x10, 0xe0, 0x70, 0x00, 0x23, 0xd5, 0x04, 0xb1, 0x04, 0x25,
  0x2a, 0x46, 0x90, 0x19, 0x48, 0x45, 0x33, 0xd2, 0x1c, 0xb1, 0xda, 0xf8,
  0x00, 0x00, 0x30, 0x60, 0x18, 0xe0, 0xb8, 0x69, 0x31, 0x46, 0xfc, 0xf7,
  0xa5, 0xf9, 0x72, 0xb6, 0xbf, 0xf3, 0x5f, 0x8f, 0xd7, 0xf8, 0x50, 0x01,
  0x41, 0x68, 0x65, 0xf3, 0x1f, 0x41, 0x41, 0x60, 0xb7, 0xf8, 0x4c, 0x01,
  0x40, 0xf0, 0x04, 0x00, 0xa7, 0xf8, 0x4c, 0x01, 0xbf, 0xf3, 0x5f, 0x8f,
  0x62, 0xb6, 0x08, 0x21, 0xc8, 0xf8, 0x00, 0x10, 0x72, 0xb6, 0xbf, 0xf3,
  0x5f, 0x8f, 0x97, 0xf8, 0x46, 0x01, 0x42, 0x1e, 0x87, 0xf8, 0x46, 0x21,
  0xbf, 0xf3, 0x5f, 0x8f, 0x62, 0xb6, 0x97, 0xf8, 0x45, 0x01, 0x03, 0x28,
  0x19, 0xbf, 0x40, 0x1c, 0x87, 0xf8, 0x45, 0x01, 0x00, 0x21, 0x87, 0xf8,
  0x45, 0x11, 0x87, 0xe7, 0xbd, 0xe8, 0xf0, 0x87, 0x08, 0x80, 0x00, 0x40,
  0x4c, 0x43, 0x00, 0x20, 0x1c, 0x00, 0x01, 0x40, 0x30, 0x04, 0x0e, 0x40,
  0x34, 0x04, 0x0e, 0x40, 0xd7, 0x5a, 0x00, 0x00, 0x05, 0x5b, 0x00, 0x00,
  0x45, 0x5b, 0x00, 0x00, 0x73, 0x5b, 0x00, 0x00, 0x00, 0x80, 0x00, 0x40,
  0x10, 0x00, 0x01, 0x40, 0x0c, 0x80, 0x00, 0x40, 0x01, 0x08, 0x04, 0x01,
  0x11, 0x68, 0x01, 0x00, 0xec, 0x00, 0x00, 0x40, 0x40, 0x2c, 0x0e, 0x40,
  0x2d, 0xe9, 0xf0, 0x0f, 0x15, 0x68, 0xb2, 0xf9, 0x0c, 0x60, 0x92, 0xf8,
  0x0e, 0xa0, 0xd4, 0x7b, 0x03, 0x46, 0x4f, 0xf0, 0x10, 0x07, 0x53, 0xf8,
  0x10, 0x8b, 0x53, 0xf8, 0x10, 0x9b, 0x08, 0xfb, 0x08, 0xf8, 0x09, 0xfb,
  0x09, 0x88, 0x08, 0x2c, 0x0b, 0xd3, 0x88, 0x45, 0x0d, 0xd2, 0x01, 0x3f,
  0xf1, 0xd1, 0xba, 0xf1, 0x00, 0x0f, 0x3e, 0xd0, 0x14, 0x2e, 0x39, 0xdd,
  0x4f, 0xf0, 0x00, 0x0a, 0x39, 0xe0, 0x45, 0x45, 0x02, 0xd8, 0x4f, 0xf0,
  0x08, 0x04, 0x45, 0x46, 0x01, 0x3c, 0x03, 0xd0, 0x01, 0x3f, 0xe0, 0xd1,
  0x15, 0x60, 0x2b, 0xe0, 0xba, 0xf1, 0x00, 0x0f, 0xc7, 0xf1, 0x09, 0x0b,
  0x0d, 0xd0, 0x06, 0xeb, 0x0b, 0x08, 0xd2, 0xf8, 0x08, 0x90, 0xa8, 0xf1,
  0x20, 0x08, 0xb8, 0xf1, 0x04, 0x0f, 0x04, 0xdc, 0x18, 0xf1, 0x04, 0x0f,
  0x06, 0xda, 0x4d, 0x45, 0x14, 0xd9, 0x55, 0x60, 0x95, 0x60, 0x4f, 0xf0,
  0x01, 0x0a, 0x0c, 0xe0, 0x4d, 0x45, 0xd2, 0xf8, 0x04, 0x90, 0x88, 0xbf,
  0x95, 0x60, 0x38, 0xbf, 0xab, 0xeb, 0x08, 0x0b, 0x4d, 0x45, 0x0a, 0xf1,
  0x01, 0x0a, 0x38, 0xbf, 0x55, 0x60, 0x58, 0x46, 0xcb, 0xf1, 0x00, 0x06,
  0x01, 0x3f, 0x4f, 0xf0, 0x08, 0x04, 0xb2, 0xd1, 0x06, 0xf1, 0x10, 0x06,
  0x96, 0x81, 0x82, 0xf8, 0x0e, 0xa0, 0xd4, 0x73, 0xbd, 0xe8, 0xf0, 0x0f,
  0x70, 0x47, 0x2d, 0xe9, 0xf0, 0x0f, 0x4f, 0xf0, 0x10, 0x04, 0x30, 0xf9,
  0x02, 0x6b, 0x31, 0xf9, 0x02, 0x7b, 0x32, 0xf9, 0x02, 0x8b, 0x30, 0xf9,
  0x02, 0x9b, 0x31, 0xf9, 0x02, 0xab, 0x32, 0xf9, 0x02, 0xbb, 0x3e, 0x44,
  0xd1, 0x44, 0x46, 0x44, 0xd9, 0x44, 0x76, 0x00, 0xa4, 0xf1, 0x01, 0x04,
  0x4f, 0xea, 0x35, 0x05, 0x5f, 0xea, 0x49, 0x09, 0x4f, 0xea, 0x35, 0x05,
  0x14, 0xf0, 0x0f, 0x0f, 0x08, 0xbf, 0x43, 0xf8, 0x08, 0x5b, 0x00, 0x2c,
  0xdf, 0xd1, 0xbd, 0xe8, 0xf0, 0x0f, 0x70, 0x47, 0x62, 0xf3, 0x0f, 0x22,
  0x62, 0xf3, 0x1f, 0x42, 0x00, 0xb5, 0x00, 0xbf, 0x13, 0x00, 0x96, 0x46,
  0x94, 0x46, 0x10, 0x39, 0x28, 0xbf, 0xa0, 0xe8, 0x0c, 0x50, 0xfa, 0xd8,
  0x5f, 0xea, 0x41, 0x7c, 0x28, 0xbf, 0x0c, 0xc0, 0x48, 0xbf, 0x40, 0xf8,
  0x04, 0x2b, 0xc9, 0x07, 0x28, 0xbf, 0x20, 0xf8, 0x02, 0x2b, 0x48, 0xbf,
  0x00, 0xf8, 0x01, 0x2b, 0x00, 0xbd, 0x00, 0x00, 0x20, 0xfb, 0x00, 0xf0,
  0x70, 0x47, 0x00, 0x00, 0x02, 0x68, 0x92, 0xfa, 0xa2, 0xf2, 0x12, 0xba,
  0x40, 0xf8, 0x04, 0x2b, 0x49, 0x1e, 0xf7, 0xd1, 0x70, 0x47, 0x2d, 0xe9,
  0xf0, 0x5f, 0x04, 0x46, 0x0d, 0x46, 0x16, 0x46, 0x1f, 0x46, 0x78, 0x48,
  0x00, 0x68, 0x78, 0x49, 0x09, 0x68, 0x78, 0x4a, 0x12, 0x68, 0x78, 0x4b,
  0x1b, 0x68, 0x43, 0xf2, 0x00, 0x08, 0xce, 0xf2, 0x00, 0x18, 0x91, 0x46,
  0x88, 0xf8, 0xdc, 0x90, 0x09, 0xf1, 0x08, 0x09, 0x88, 0xf8, 0xdc, 0x92,
  0x09, 0xf1, 0x08, 0x09, 0x88, 0xf8, 0xdc, 0x94, 0x09, 0xf1, 0x08, 0x09,
  0x88, 0xf8, 0xdc, 0x96, 0x09, 0xf1, 0x08, 0x09, 0x88, 0xf8, 0xdc, 0x98,
  0x09, 0xf1, 0x08, 0x09, 0x88, 0xf8, 0xdc, 0x9a, 0x09, 0xf1, 0x08, 0x09,
  0x88, 0xf8, 0xdc, 0x9c, 0x09, 0xf1, 0x08, 0x09, 0x88, 0xf8, 0xdc, 0x9e,
  0x43, 0xf2, 0x00, 0x09, 0xce, 0xf2, 0x02, 0x19, 0xd9, 0xf8, 0x20, 0xa0,
  0x40, 0xf2, 0x00, 0x0c, 0xcc, 0xea, 0x2a, 0x4c, 0x1f, 0xfa, 0x8a, 0xfa,
  0xba, 0xf1, 0x00, 0x0f, 0x08, 0xbf, 0x4f, 0xf0, 0xbf, 0x0c, 0x5f, 0xea,
  0x9a, 0x0b, 0x34, 0xbf, 0xc1, 0xea, 0x00, 0x40, 0xc0, 0xea, 0x01, 0x40,
  0x4f, 0xea, 0x56, 0x0b, 0xba, 0xf1, 0x80, 0x0f, 0x08, 0xbf, 0x88, 0xf8,
  0x28, 0x34, 0x0a, 0xd9, 0x4f, 0xea, 0x8a, 0x66, 0x00, 0x2e, 0x04, 0xd1,
  0x88, 0xf8, 0x28, 0x34, 0x88, 0xf8, 0x55, 0x5c, 0x01, 0xe0, 0x88, 0xf8,
  0x28, 0x30, 0x88, 0xf8, 0x4c, 0x40, 0xbc, 0xf1, 0x01, 0x0c, 0x06, 0xbf,
  0x88, 0xf8, 0x10, 0x02, 0x4f, 0xf0, 0x7f, 0x0c, 0x88, 0xf8, 0x10, 0x00,
  0x88, 0xf8, 0x18, 0x00, 0x88, 0xf8, 0xd9, 0x01, 0x89, 0xf8, 0xdb, 0x01,
  0x88, 0xf8, 0xdb, 0x0d, 0x89, 0xf8, 0xdb, 0x0d, 0x88, 0xf8, 0xdb, 0x0d,
  0x89, 0xf8, 0xdb, 0x0d, 0x88, 0xf8, 0xdb, 0x03, 0x89, 0xf8, 0xdb, 0x03,
  0x88, 0xf8, 0xfb, 0x0e, 0x89, 0xf8, 0xfb, 0x0e, 0x88, 0xf8, 0xfb, 0x02,
  0x89, 0xf8, 0xfb, 0x02, 0x88, 0xf8, 0xfb, 0x02, 0x89, 0xf8, 0xfb, 0x02,
  0x88, 0xf8, 0xfa, 0x0e, 0x89, 0xf8, 0xfa, 0x0e, 0x88, 0xf8, 0x3d, 0x3b,
  0xba, 0xf1, 0x80, 0x0f, 0xa8, 0xbf, 0x88, 0xf8, 0x28, 0x30, 0x4f, 0xea,
  0x00, 0x41, 0xc1, 0xea, 0x20, 0x40, 0x88, 0xf8, 0xbd, 0x04, 0x0a, 0xf1,
  0x02, 0x0a, 0xbb, 0xf1, 0x01, 0x0b, 0xaf, 0xd1, 0xba, 0xf1, 0x80, 0x0f,
  0x06, 0xd8, 0x00, 0x2f, 0x1c, 0xbf, 0x88, 0xf8, 0x28, 0x32, 0x88, 0xf8,
  0x07, 0x30, 0x05, 0xd1, 0x00, 0x2f, 0x1b, 0xd0, 0x88, 0xf8, 0x28, 0x32,
  0x88, 0xf8, 0x55, 0x5c, 0x4f, 0xf0, 0x20, 0x06, 0x05, 0xf1, 0x04, 0x05,
  0x88, 0xf8, 0x28, 0x30, 0x88, 0xf8, 0x07, 0x30, 0x76, 0x1e, 0xf9, 0xd1,
  0x88, 0xf8, 0x55, 0x5c, 0x4f, 0xf0, 0x20, 0x06, 0xa5, 0xf1, 0x08, 0x05,
  0x88, 0xf8, 0x28, 0x30, 0x88, 0xf8, 0x07, 0x30, 0x76, 0x1e, 0xf9, 0xd1,
  0x88, 0xf8, 0x55, 0x5c, 0x43, 0xf2, 0x00, 0x09, 0xce, 0xf2, 0x04, 0x19,
  0x4f, 0xea, 0x0c, 0x4c, 0xca, 0xea, 0x0c, 0x0a, 0x89, 0xf8, 0x08, 0xa0,
  0x4f, 0xf6, 0xff, 0x7c, 0xd8, 0xf8, 0xe0, 0xa1, 0x0a, 0xea, 0x0c, 0x0a,
  0x88, 0xf8, 0x08, 0xae, 0x91, 0x46, 0x88, 0xf8, 0xdd, 0x90, 0x09, 0xf1,
  0x08, 0x09, 0x88, 0xf8, 0xdd, 0x92, 0x09, 0xf1, 0x08, 0x09, 0x88, 0xf8,
  0xdd, 0x94, 0x09, 0xf1, 0x08, 0x09, 0x88, 0xf8, 0xdd, 0x96, 0x09, 0xf1,
  0x08, 0x09, 0x88, 0xf8, 0xdd, 0x98, 0x09, 0xf1, 0x08, 0x09, 0x88, 0xf8,
  0xdd, 0x9a, 0x09, 0xf1, 0x08, 0x09, 0x88, 0xf8, 0xdd, 0x9c, 0x09, 0xf1,
  0x08, 0x09, 0x88, 0xf8, 0xdd, 0x9e, 0xbd, 0xe8, 0xf0, 0x9f, 0x00, 0x00,
  0xa4, 0x46, 0x00, 0x20, 0xa0, 0x46, 0x00, 0x20, 0xac, 0x46, 0x00, 0x20,
  0xa8, 0x46, 0x00, 0x20, 0x10, 0xee, 0x10, 0x0a, 0xb5, 0xee, 0x40, 0x0a,
  0x4f, 0xf0, 0x80, 0x7c, 0x1c, 0xeb, 0x40, 0x0f, 0x42, 0xd2, 0xf1, 0xee,
  0x10, 0xfa, 0xdf, 0xf8, 0xa4, 0xc0, 0xdc, 0xec, 0x09, 0x0a, 0x45, 0xdd,
  0x5f, 0xea, 0xd0, 0x5c, 0x2b, 0xd0, 0xac, 0xf1, 0x7e, 0x0c, 0xa0, 0xeb,
  0xcc, 0x50, 0x00, 0xee, 0x10, 0x0a, 0xb4, 0xee, 0x60, 0x0a, 0xf1, 0xee,
  0x10, 0xfa, 0x44, 0xbf, 0xac, 0xf1, 0x01, 0x0c, 0x20, 0xee, 0x21, 0x0a,
  0x00, 0xee, 0x90, 0xca, 0xf8, 0xee, 0xe0, 0x0a, 0x70, 0xee, 0x41, 0x5a,
  0x30, 0xee, 0x01, 0x6a, 0x85, 0xee, 0x86, 0x6a, 0x66, 0xee, 0x06, 0x6a,
  0x02, 0xee, 0xa6, 0x3a, 0x43, 0xee, 0x26, 0x3a, 0xb0, 0xee, 0x65, 0x0a,
  0x03, 0xee, 0xe6, 0x0a, 0x20, 0xee, 0x06, 0x6a, 0x04, 0xee, 0xe0, 0x6a,
  0x35, 0xee, 0xc6, 0x0a, 0x04, 0xee, 0x20, 0x0a, 0x70, 0x47, 0x20, 0xee,
  0x02, 0x0a, 0x10, 0xee, 0x10, 0x0a, 0x4f, 0xea, 0xd0, 0x5c, 0xac, 0xf1,
  0x7e, 0x0c, 0xa0, 0xeb, 0xcc, 0x50, 0xac, 0xf1, 0x17, 0x0c, 0xca, 0xe7,
  0x07, 0xd8, 0x00, 0x42, 0x44, 0xbf, 0x6f, 0xf0, 0x00, 0x40, 0x00, 0xee,
  0x10, 0x0a, 0xaf, 0xf3, 0x00, 0x80, 0x70, 0x47, 0xf6, 0xdb, 0x6f, 0xf0,
  0x00, 0x00, 0xc0, 0x05, 0x00, 0xee, 0x10, 0x0a, 0x70, 0x47, 0x00, 0x00,
  0x1c, 0x6a, 0x00, 0x00, 0x10, 0xb4, 0x21, 0xfb, 0x00, 0xf4, 0x41, 0xfb,
  0x10, 0xf0, 0x84, 0xfb, 0x02, 0x12, 0xe3, 0xe8, 0x02, 0x12, 0x18, 0x60,
  0x10, 0xbc, 0x70, 0x47, 0x40, 0xfb, 0x01, 0xf2, 0x20, 0xfb, 0x11, 0xf0,
  0xd2, 0x13, 0x42, 0xf1, 0x00, 0x02, 0xc0, 0x13, 0x40, 0xf1, 0x00, 0x00,
  0x02, 0xf3, 0x0f, 0x02, 0x00, 0xf3, 0x0f, 0x00, 0xc2, 0xea, 0x00, 0x40,
  0x70, 0x47, 0x00, 0x00, 0xcb, 0x17, 0xc0, 0x18, 0x59, 0x41, 0x58, 0x40,
  0x59, 0x40, 0xdb, 0x07, 0xb1, 0xb1, 0xb1, 0xfa, 0x81, 0xf2, 0x41, 0x40,
  0x90, 0x40, 0xc2, 0xf1, 0x20, 0x02, 0x61, 0xfa, 0x02, 0xf1, 0x81, 0xea,
  0x00, 0x00, 0x18, 0xbf, 0x40, 0xf0, 0x01, 0x00, 0x02, 0xf1, 0x9d, 0x01,
  0x02, 0x06, 0x43, 0xea, 0xc1, 0x51, 0x72, 0xf1, 0x00, 0x42, 0x41, 0xeb,
  0x10, 0x20, 0x70, 0x47, 0x58, 0xb1, 0xb0, 0xfa, 0x80, 0xf2, 0x90, 0x40,
  0xc2, 0xf1, 0x9d, 0x02, 0x01, 0x06, 0x43, 0xea, 0xc2, 0x52, 0x71, 0xf1,
  0x00, 0x41, 0x42, 0xeb, 0x10, 0x20, 0x70, 0x47, 0xdf, 0xed, 0x65, 0x0a,
  0x60, 0xee, 0x20, 0x0a, 0x10, 0xee, 0x90, 0x1a, 0x21, 0xf0, 0x00, 0x41,
  0x01, 0xee, 0x10, 0x1a, 0xdf, 0xed, 0x61, 0x1a, 0xb4, 0xee, 0x61, 0x1a,
  0xf1, 0xee, 0x10, 0xfa, 0x27, 0xd5, 0x10, 0xee, 0x90, 0x2a, 0x4f, 0xf0,
  0x7c, 0x51, 0x02, 0xf0, 0x00, 0x42, 0x11, 0x43, 0x01, 0xee, 0x10, 0x1a,
  0x70, 0xee, 0x81, 0x0a, 0xfd, 0xee, 0xe0, 0x0a, 0x10, 0xee, 0x90, 0x1a,
  0x00, 0x29, 0x6e, 0xd0, 0xfa, 0xee, 0xc9, 0x0a, 0x9f, 0xed, 0x55, 0x1a,
  0x00, 0xee, 0xc1, 0x0a, 0xdf, 0xed, 0x54, 0x1a, 0x00, 0xee, 0xe1, 0x0a,
  0x9f, 0xed, 0x53, 0x2a, 0x00, 0xee, 0xc2, 0x0a, 0xdf, 0xed, 0x52, 0x2a,
  0x00, 0xee, 0xe2, 0x0a, 0x9f, 0xed, 0x51, 0x1a, 0x00, 0xee, 0xc1, 0x0a,
  0x57, 0xe0, 0x10, 0xee, 0x10, 0x1a, 0x49, 0x00, 0x09, 0x16, 0x49, 0x1c,
  0x10, 0xee, 0x10, 0x1a, 0x09, 0xd1, 0x49, 0x00, 0x08, 0x16, 0x40, 0x1c,
  0x02, 0xd1, 0x09, 0x02, 0x40, 0xf0, 0x83, 0x80, 0x9f, 0xed, 0x48, 0x0a,
  0x70, 0x47, 0x49, 0x00, 0x04, 0xd1, 0x00, 0x28, 0x7b, 0xd0, 0xb7, 0xee,
  0x00, 0x0a, 0x70, 0x47, 0x10, 0xee, 0x90, 0x2a, 0x4f, 0xf0, 0x7c, 0x51,
  0x02, 0xf0, 0x00, 0x42, 0x11, 0x43, 0x01, 0xee, 0x10, 0x1a, 0x70, 0xee,
  0x81, 0x0a, 0x10, 0xee, 0x90, 0x2a, 0x51, 0x00, 0x0f, 0xd0, 0x09, 0x0e,
  0xc1, 0xf1, 0x96, 0x01, 0x18, 0x29, 0xa8, 0xbf, 0x02, 0xf0, 0x00, 0x42,
  0x05, 0xda, 0x01, 0x29, 0xa4, 0xbf, 0x22, 0xfa, 0x01, 0xf3, 0x03, 0xfa,
  0x01, 0xf2, 0x00, 0xee, 0x90, 0x2a, 0x10, 0xee, 0x90, 0x1a, 0x49, 0x00,
  0x17, 0xd0, 0x9f, 0xed, 0x33, 0x1a, 0x20, 0xee, 0x81, 0x1a, 0xdf, 0xed,
  0x2b, 0x1a, 0x01, 0xee, 0x61, 0x0a, 0x9f, 0xed, 0x2a, 0x2a, 0x01, 0xee,
  0x42, 0x0a, 0xdf, 0xed, 0x29, 0x2a, 0x01, 0xee, 0x62, 0x0a, 0x9f, 0xed,
  0x28, 0x3a, 0x01, 0xee, 0x43, 0x0a, 0xdf, 0xed, 0x27, 0x1a, 0x01, 0xee,
  0x61, 0x0a, 0xfd, 0xee, 0xe0, 0x0a, 0x10, 0xee, 0x90, 0x1a, 0x10, 0xee,
  0x10, 0x2a, 0x22, 0xf0, 0x00, 0x42, 0x00, 0xee, 0x90, 0x2a, 0x9f, 0xed,
  0x23, 0x1a, 0x01, 0xf0, 0x03, 0x01, 0xf4, 0xee, 0x41, 0x0a, 0x08, 0x18,
  0xf1, 0xee, 0x10, 0xfa, 0x00, 0xf0, 0x01, 0x01, 0x03, 0xd5, 0x11, 0xb3,
  0xb7, 0xee, 0x00, 0x0a, 0x1f, 0xe0, 0x60, 0xee, 0x00, 0x0a, 0x71, 0xb1,
  0x9f, 0xed, 0x1a, 0x0a, 0x9f, 0xed, 0x1a, 0x1a, 0x00, 0xee, 0x80, 0x1a,
  0xdf, 0xed, 0x19, 0x1a, 0x41, 0xee, 0x20, 0x1a, 0xb7, 0xee, 0x00, 0x0a,
  0x01, 0xee, 0xa0, 0x0a, 0x0d, 0xe0, 0x9f, 0xed, 0x16, 0x2a, 0xdf, 0xed,
  0x16, 0x1a, 0x40, 0xee, 0x82, 0x1a, 0xdf, 0xed, 0x15, 0x2a, 0x20, 0xee,
  0x20, 0x1a, 0x41, 0xee, 0xa0, 0x2a, 0x01, 0xee, 0x22, 0x0a, 0x80, 0x07,
  0x48, 0xbf, 0xb1, 0xee, 0x40, 0x0a, 0x70, 0x47, 0x83, 0xf9, 0x22, 0x3f,
  0x00, 0x00, 0x00, 0x4f, 0x00, 0x00, 0xc9, 0x46, 0x00, 0xa0, 0xfd, 0x40,
  0x00, 0x20, 0xa2, 0x3a, 0x00, 0x00, 0x34, 0x33, 0x00, 0x30, 0xc2, 0x2e,
  0xff, 0xff, 0xff, 0x7f, 0x00, 0x00, 0x80, 0x38, 0x00, 0x00, 0x80, 0x39,
  0x93, 0x49, 0xb2, 0xba, 0x36, 0xa0, 0x2a, 0x3d, 0xdf, 0xff, 0xff, 0xbe,
  0x6e, 0x8c, 0x4c, 0xb9, 0x42, 0x83, 0x08, 0x3c, 0xa1, 0xaa, 0x2a, 0xbe,
  0x01, 0x20, 0x11, 0xe7, 0x00, 0x20, 0x0f, 0xe7, 0x0a, 0x49, 0x01, 0x60,
  0x01, 0xf1, 0x08, 0x02, 0x01, 0xf1, 0x11, 0x03, 0x42, 0x60, 0x83, 0x60,
  0x01, 0xf5, 0x8c, 0x7c, 0x01, 0xf5, 0x94, 0x72, 0x01, 0xf5, 0xa0, 0x73,
  0x01, 0xf5, 0x10, 0x71, 0xc0, 0xf8, 0x0c, 0xc0, 0x02, 0x61, 0x43, 0x61,
  0x81, 0x61, 0x70, 0x47, 0xa0, 0x35, 0x01, 0x20, 0x28, 0x00, 0x16, 0x00,
  0x14, 0x00, 0x09, 0x00, 0xf2, 0xff, 0xcc, 0xff, 0x95, 0xff, 0x4d, 0xff,
  0xf4, 0xfe, 0x90, 0xfe, 0x27, 0xfe, 0xc1, 0xfd, 0x6a, 0xfd, 0x2f, 0xfd,
  0x1e, 0xfd, 0x44, 0xfd, 0xaa, 0xfd, 0x58, 0xfe, 0x4e, 0xff, 0x86, 0x00,
  0xf3, 0x01, 0x7f, 0x03, 0x0e, 0x05, 0x7b, 0x06, 0xa1, 0x07, 0x57, 0x08,
  0x78, 0x08, 0xe5, 0x07, 0x89, 0x06, 0x5f, 0x04, 0x6f, 0x01, 0xd8, 0xfd,
  0xca, 0xf9, 0x88, 0xf5, 0x67, 0xf1, 0xc6, 0xed, 0x0a, 0xeb, 0x99, 0xe9,
  0xd1, 0xe9, 0x00, 0xec, 0x5e, 0xf0, 0x06, 0xf7, 0xf3, 0xff, 0xfd, 0x0a,
  0xd4, 0x17, 0x0c, 0x26, 0x1a, 0x35, 0x5d, 0x44, 0x28, 0x53, 0xcb, 0x60,
  0x9e, 0x6c, 0x0e, 0x76, 0xa0, 0x7c, 0xff, 0x7f, 0xff, 0x7f, 0xa0, 0x7c,
  0x0e, 0x76, 0x9e, 0x6c, 0xcb, 0x60, 0x28, 0x53, 0x5d, 0x44, 0x1a, 0x35,
  0x0c, 0x26, 0xd4, 0x17, 0xfd, 0x0a, 0xf3, 0xff, 0x06, 0xf7, 0x5e, 0xf0,
  0x00, 0xec, 0xd1, 0xe9, 0x99, 0xe9, 0x0a, 0xeb, 0xc6, 0xed, 0x67, 0xf1,
  0x88, 0xf5, 0xca, 0xf9, 0xd8, 0xfd, 0x6f, 0x01, 0x5f, 0x04, 0x89, 0x06,
  0xe5, 0x07, 0x78, 0x08, 0x57, 0x08, 0xa1, 0x07, 0x7b, 0x06, 0x0e, 0x05,
  0x7f, 0x03, 0xf3, 0x01, 0x86, 0x00, 0x4e, 0xff, 0x58, 0xfe, 0xaa, 0xfd,
  0x44, 0xfd, 0x1e, 0xfd, 0x2f, 0xfd, 0x6a, 0xfd, 0xc1, 0xfd, 0x27, 0xfe,
  0x90, 0xfe, 0xf4, 0xfe, 0x4d, 0xff, 0x95, 0xff, 0xcc, 0xff, 0xf2, 0xff,
  0x09, 0x00, 0x14, 0x00, 0x16, 0x00, 0x28, 0x00, 0x9f, 0x00, 0x8e, 0x00,
  0xcc, 0x00, 0x1a, 0x01, 0x7a, 0x01, 0xf0, 0x01, 0x7d, 0x02, 0x25, 0x03,
  0xeb, 0x03, 0xd1, 0x04, 0xda, 0x05, 0x09, 0x07, 0x61, 0x08, 0xe4, 0x09,
  0x95, 0x0b, 0x75, 0x0d, 0x87, 0x0f, 0xcc, 0x11, 0x45, 0x14, 0xf1, 0x16,
  0xd3, 0x19, 0xe8, 0x1c, 0x30, 0x20, 0xaa, 0x23, 0x52, 0x27, 0x28, 0x2b,
  0x25, 0x2f, 0x48, 0x33, 0x8b, 0x37, 0xe9, 0x3b, 0x5c, 0x40, 0xdf, 0x44,
  0x6a, 0x49, 0xf6, 0x4d, 0x7b, 0x52, 0xf4, 0x56, 0x56, 0x5b, 0x9b, 0x5f,
  0xbb, 0x63, 0xad, 0x67, 0x6b, 0x6b, 0xec, 0x6e, 0x2a, 0x72, 0x1e, 0x75,
  0xc1, 0x77, 0x0f, 0x7a, 0x03, 0x7c, 0x97, 0x7d, 0xca, 0x7e, 0x98, 0x7f,
  0xff, 0x7f, 0xff, 0x7f, 0x98, 0x7f, 0xca, 0x7e, 0x97, 0x7d, 0x03, 0x7c,
  0x0f, 0x7a, 0xc1, 0x77, 0x1e, 0x75, 0x2a, 0x72, 0xec, 0x6e, 0x6b, 0x6b,
  0xad, 0x67, 0xbb, 0x63, 0x9b, 0x5f, 0x56, 0x5b, 0xf4, 0x56, 0x7b, 0x52,
  0xf6, 0x4d, 0x6a, 0x49, 0xdf, 0x44, 0x5c, 0x40, 0xe9, 0x3b, 0x8b, 0x37,
  0x48, 0x33, 0x25, 0x2f, 0x28, 0x2b, 0x52, 0x27, 0xaa, 0x23, 0x30, 0x20,
  0xe8, 0x1c, 0xd3, 0x19, 0xf1, 0x16, 0x45, 0x14, 0xcc, 0x11, 0x87, 0x0f,
  0x75, 0x0d, 0x95, 0x0b, 0xe4, 0x09, 0x61, 0x08, 0x09, 0x07, 0xda, 0x05,
  0xd1, 0x04, 0xeb, 0x03, 0x25, 0x03, 0x7d, 0x02, 0xf0, 0x01, 0x7a, 0x01,
  0x1a, 0x01, 0xcc, 0x00, 0x8e, 0x00, 0x9f, 0x00, 0x28, 0x00, 0x16, 0x00,
  0x14, 0x00, 0x09, 0x00, 0xf2, 0xff, 0xcc, 0xff, 0x95, 0xff, 0x4d, 0xff,
  0xf4, 0xfe, 0x90, 0xfe, 0x27, 0xfe, 0xc1, 0xfd, 0x6a, 0xfd, 0x2f, 0xfd,
  0x1e, 0xfd, 0x44, 0xfd, 0xaa, 0xfd, 0x58, 0xfe, 0x4e, 0xff, 0x86, 0x00,
  0xf3, 0x01, 0x7f, 0x03, 0x0e, 0x05, 0x7b, 0x06, 0xa1, 0x07, 0x57, 0x08,
  0x78, 0x08, 0xe5, 0x07, 0x89, 0x06, 0x5f, 0x04, 0x6f, 0x01, 0xd8, 0xfd,
  0xca, 0xf9, 0x88, 0xf5, 0x67, 0xf1, 0xc6, 0xed, 0x0a, 0xeb, 0x99, 0xe9,
  0xd1, 0xe9, 0x00, 0xec, 0x5e, 0xf0, 0x06, 0xf7, 0xf3, 0xff, 0xfd, 0x0a,
  0xd4, 0x17, 0x0c, 0x26, 0x1a, 0x35, 0x5d, 0x44, 0x28, 0x53, 0xcb, 0x60,
  0x9e, 0x6c, 0x0e, 0x76, 0xa0, 0x7c, 0xff, 0x7f, 0xff, 0x7f, 0xa0, 0x7c,
  0x0e, 0x76, 0x9e, 0x6c, 0xcb, 0x60, 0x28, 0x53, 0x5d, 0x44, 0x1a, 0x35,
  0x0c, 0x26, 0xd4, 0x17, 0xfd, 0x0a, 0xf3, 0xff, 0x06, 0xf7, 0x5e, 0xf0,
  0x00, 0xec, 0xd1, 0xe9, 0x99, 0xe9, 0x0a, 0xeb, 0xc6, 0xed, 0x67, 0xf1,
  0x88, 0xf5, 0xca, 0xf9, 0xd8, 0xfd, 0x6f, 0x01, 0x5f, 0x04, 0x89, 0x06,
  0xe5, 0x07, 0x78, 0x08, 0x57, 0x08, 0xa1, 0x07, 0x7b, 0x06, 0x0e, 0x05,
  0x7f, 0x03, 0xf3, 0x01, 0x86, 0x00, 0x4e, 0xff, 0x58, 0xfe, 0xaa, 0xfd,
  0x44, 0xfd, 0x1e, 0xfd, 0x2f, 0xfd, 0x6a, 0xfd, 0xc1, 0xfd, 0x27, 0xfe,
  0x90, 0xfe, 0xf4, 0xfe, 0x4d, 0xff, 0x95, 0xff, 0xcc, 0xff, 0xf2, 0xff,
  0x09, 0x00, 0x14, 0x00, 0x16, 0x00, 0x28, 0x00, 0x9f, 0x00, 0x8e, 0x00,
  0xcc, 0x00, 0x1a, 0x01, 0x7a, 0x01, 0xf0, 0x01, 0x7d, 0x02, 0x25, 0x03,
  0xeb, 0x03, 0xd1, 0x04, 0xda, 0x05, 0x09, 0x07, 0x61, 0x08, 0xe4, 0x09,
  0x95, 0x0b, 0x75, 0x0d, 0x87, 0x0f, 0xcc, 0x11, 0x45, 0x14, 0xf1, 0x16,
  0xd3, 0x19, 0xe8, 0x1c, 0x30, 0x20, 0xaa, 0x23, 0x52, 0x27, 0x28, 0x2b,
  0x25, 0x2f, 0x48, 0x33, 0x8b, 0x37, 0xe9, 0x3b, 0x5c, 0x40, 0xdf, 0x44,
  0x6a, 0x49, 0xf6, 0x4d, 0x7b, 0x52, 0xf4, 0x56, 0x56, 0x5b, 0x9b, 0x5f,
  0xbb, 0x63, 0xad, 0x67, 0x6b, 0x6b, 0xec, 0x6e, 0x2a, 0x72, 0x1e, 0x75,
  0xc1, 0x77, 0x0f, 0x7a, 0x03, 0x7c, 0x97, 0x7d, 0xca, 0x7e, 0x98, 0x7f,
  0xff, 0x7f, 0xff, 0x7f, 0x98, 0x7f, 0xca, 0x7e, 0x97, 0x7d, 0x03, 0x7c,
  0x0f, 0x7a, 0xc1, 0x77, 0x1e, 0x75, 0x2a, 0x72, 0xec, 0x6e, 0x6b, 0x6b,
  0xad, 0x67, 0xbb, 0x63, 0x9b, 0x5f, 0x56, 0x5b, 0xf4, 0x56, 0x7b, 0x52,
  0xf6, 0x4d, 0x6a, 0x49, 0xdf, 0x44, 0x5c, 0x40, 0xe9, 0x3b, 0x8b, 0x37,
  0x48, 0x33, 0x25, 0x2f, 0x28, 0x2b, 0x52, 0x27, 0xaa, 0x23, 0x30, 0x20,
  0xe8, 0x1c, 0xd3, 0x19, 0xf1, 0x16, 0x45, 0x14, 0xcc, 0x11, 0x87, 0x0f,
  0x75, 0x0d, 0x95, 0x0b, 0xe4, 0x09, 0x61, 0x08, 0x09, 0x07, 0xda, 0x05,
  0xd1, 0x04, 0xeb, 0x03, 0x25, 0x03, 0x7d, 0x02, 0xf0, 0x01, 0x7a, 0x01,
  0x1a, 0x01, 0xcc, 0x00, 0x8e, 0x00, 0x9f, 0x00, 0x00, 0xb5, 0x81, 0xb0,
  0x4f, 0xf4, 0x00, 0x40, 0x25, 0x49, 0x08, 0x60, 0x06, 0x20, 0xfa, 0xf7,
  0x11, 0xfd, 0x24, 0x48, 0x4f, 0xf4, 0x00, 0x71, 0xc1, 0x65, 0xc0, 0xf8,
  0x90, 0x10, 0x01, 0x65, 0x01, 0x62, 0xc1, 0x67, 0xc2, 0x6e, 0x22, 0xf4,
  0x00, 0x72, 0xc2, 0x66, 0x03, 0x6f, 0x23, 0xf4, 0x00, 0x73, 0x03, 0x67,
  0x01, 0x60, 0x4f, 0xf4, 0x80, 0x71, 0xc1, 0x65, 0xc0, 0xf8, 0x8c, 0x10,
  0x01, 0x65, 0x01, 0x62, 0xc1, 0x67, 0xc2, 0x6e, 0x22, 0xf4, 0x80, 0x72,
  0xc2, 0x66, 0x03, 0x6f, 0x80, 0x22, 0x23, 0xf4, 0x80, 0x73, 0x03, 0x67,
  0x01, 0x60, 0x80, 0x21, 0xc1, 0x65, 0xc0, 0xf8, 0x8c, 0x20, 0x01, 0x65,
  0x01, 0x62, 0xc2, 0x67, 0xc3, 0x6e, 0x23, 0xf0, 0x80, 0x03, 0xc3, 0x66,
  0x01, 0x6f, 0x40, 0x23, 0x21, 0xf0, 0x80, 0x01, 0x01, 0x67, 0x02, 0x60,
  0x40, 0x22, 0xc3, 0x65, 0xc0, 0xf8, 0x8c, 0x30, 0x03, 0x65, 0x02, 0x62,
  0xc3, 0x67, 0xc3, 0x6e, 0x23, 0xf0, 0x40, 0x03, 0xc3, 0x66, 0x01, 0x6f,
  0x21, 0xf0, 0x40, 0x01, 0x01, 0x67, 0x02, 0x60, 0x01, 0xb0, 0x00, 0xbd,
  0x1c, 0x18, 0x0e, 0x40, 0x04, 0x04, 0x0e, 0x40, 0x2d, 0xe9, 0xfc, 0x4d,
  0x01, 0x68, 0x00, 0xf1, 0x08, 0x05, 0x49, 0x08, 0x05, 0xeb, 0xc1, 0x02,
  0x01, 0x92, 0x00, 0xf1, 0x08, 0x03, 0x40, 0x68, 0x00, 0xf0, 0x01, 0x0a,
  0x03, 0xeb, 0xc1, 0x08, 0x40, 0x08, 0x08, 0xeb, 0xc0, 0x0b, 0x00, 0x20,
  0x00, 0x21, 0x01, 0x9a, 0x95, 0x42, 0x2f, 0xd0, 0x2b, 0x68, 0x6a, 0x68,
  0xee, 0x18, 0x32, 0x44, 0x00, 0x92, 0x08, 0x35, 0x00, 0x9a, 0x96, 0x42,
  0xf3, 0xd0, 0x16, 0xf9, 0x01, 0x4b, 0x00, 0x9a, 0x96, 0x42, 0x05, 0xd1,
  0x2b, 0x68, 0x6a, 0x68, 0xee, 0x18, 0x32, 0x44, 0x00, 0x92, 0x08, 0x35,
  0x16, 0xf8, 0x01, 0x7b, 0x88, 0x42, 0x10, 0xd1, 0xd8, 0x45, 0x08, 0xbf,
  0x00, 0xf0, 0x1a, 0xf8, 0xd8, 0xf8, 0x00, 0x00, 0xd8, 0xf8, 0x04, 0x10,
  0xba, 0xf1, 0x00, 0x0f, 0x18, 0xbf, 0x48, 0x44, 0x01, 0x44, 0x88, 0x42,
  0x08, 0xf1, 0x08, 0x08, 0xee, 0xd0, 0x00, 0x2c, 0x00, 0xf8, 0x01, 0x7b,
  0x05, 0xd5, 0x64, 0x1c, 0xe6, 0xd1, 0xd5, 0xe7, 0x58, 0x46, 0xbd, 0xe8,
  0xf6, 0x8d, 0x64, 0x1e, 0xd5, 0xd5, 0xcf, 0xe7, 0x01, 0x20, 0x00, 0xf0,
  0x01, 0xb8, 0x00, 0x00, 0x20, 0x21, 0x09, 0x03, 0x26, 0x31, 0x18, 0x20,
  0xab, 0xbe, 0xf9, 0xe7, 0x12, 0x48, 0x40, 0x21, 0xc0, 0xf8, 0xf4, 0x11,
  0xd0, 0xf8, 0xfc, 0x21, 0x51, 0x06, 0xfb, 0xd5, 0x08, 0x23, 0x03, 0x62,
  0x03, 0x60, 0xc0, 0xf8, 0x90, 0x30, 0x70, 0x47, 0x30, 0xb5, 0x81, 0xb0,
  0x0b, 0x4c, 0xff, 0xf7, 0x41, 0xff, 0xfc, 0xf7, 0x45, 0xf9, 0x01, 0x46,
  0x09, 0x48, 0x00, 0xf0, 0x17, 0xf8, 0x03, 0x46, 0x02, 0x46, 0x08, 0x49,
  0x20, 0x46, 0x00, 0xf0, 0x23, 0xf8, 0xfd, 0xf7, 0xaf, 0xfa, 0x06, 0x4d,
  0x25, 0x60, 0xfd, 0xf7, 0x6b, 0xfb, 0xfb, 0xe7, 0x10, 0x04, 0x0e, 0x40,
  0x18, 0x18, 0x0e, 0x40, 0x40, 0x42, 0x0f, 0x00, 0x00, 0x30, 0x00, 0x10,
  0x01, 0x00, 0x00, 0xa5, 0x49, 0xb1, 0x0b, 0x4a, 0xb2, 0xfb, 0xf1, 0xf1,
  0x88, 0x42, 0x24, 0xbf, 0xc1, 0xeb, 0x01, 0x43, 0x83, 0x42, 0x00, 0xd3,
  0x11, 0xb9, 0x4f, 0xf6, 0xff, 0x70, 0x70, 0x47, 0xb0, 0xfb, 0xf1, 0xf0,
  0x80, 0xb2, 0x70, 0x47, 0x42, 0xea, 0x03, 0x42, 0x82, 0x60, 0x41, 0x60,
  0x70, 0x47, 0x00, 0x00, 0x00, 0x00, 0x12, 0x7a, 0xff, 0xff, 0x29, 0xe4,
  0x59, 0xcb, 0x3c, 0xb5, 0x86, 0xa1, 0xf6, 0x8f, 0x4e, 0x80, 0x5a, 0x72,
  0xea, 0x65, 0xd5, 0x5a, 0xf4, 0x50, 0x27, 0x48, 0x4e, 0x40, 0x50, 0x39,
  0x14, 0x33, 0x86, 0x2d, 0x93, 0x28, 0x29, 0x24, 0x3a, 0x20, 0xb9, 0x1c,
  0x9a, 0x19, 0xd1, 0x16, 0x56, 0x14, 0x20, 0x12, 0x27, 0x10, 0x65, 0x0e,
  0xd5, 0x0c, 0x6f, 0x0b, 0x31, 0x0a, 0x15, 0x09, 0x18, 0x08, 0x37, 0x07,
  0x6e, 0x06, 0xbb, 0x05, 0x1c, 0x05, 0x8d, 0x04, 0x0f, 0x04, 0x9e, 0x03,
  0x39, 0x03, 0xdf, 0x02, 0x8f, 0x02, 0x00, 0x00, 0xf3, 0x04, 0x35, 0x3f,
  0x00, 0x00, 0x80, 0x3f, 0x00, 0x00, 0x00, 0x40, 0x00, 0x00, 0x00, 0x4b,
  0x15, 0x02, 0x99, 0x3e, 0x11, 0xae, 0xcc, 0x3e, 0xc0, 0xaa, 0x2a, 0x3f,
  0x16, 0x72, 0x31, 0x3f, 0xe8, 0xe8, 0xfb, 0x33, 0x18, 0x72, 0x31, 0x3f,
  0xd8, 0x5b, 0xde, 0x3e, 0x28, 0x37, 0xa9, 0x32, 0xf4, 0x3e, 0xa1, 0x33,
  0xd9, 0x5b, 0xde, 0x3e, 0x98, 0x20, 0x9a, 0x3e, 0x3b, 0xaa, 0xb8, 0x3f,
  0x60, 0x70, 0xa5, 0x32, 0x00, 0x00, 0x00, 0x20, 0x00, 0x01, 0x00, 0x20,
  0x80, 0x01, 0x00, 0x20, 0x80, 0x01, 0x00, 0x20, 0x80, 0x01, 0x00, 0x20,
  0x60, 0x02, 0x00, 0x20, 0xe8, 0x09, 0x00, 0x20, 0x00, 0x20, 0x00, 0x20,
  0x18, 0x0b, 0x00, 0x20, 0x30, 0x0c, 0x00, 0x20, 0xb0, 0x0b, 0x00, 0x20,
  0x30, 0x0c, 0x00, 0x20, 0x30, 0x0c, 0x00, 0x20, 0x38, 0x0d, 0x00, 0x20,
  0x00, 0xb5, 0x81, 0xb0, 0xff, 0xf7, 0x4a, 0xff, 0x04, 0x48, 0x05, 0x49,
  0xc0, 0x09, 0xc0, 0x01, 0x08, 0x60, 0x01, 0x20, 0x01, 0xb0, 0x00, 0xbd,
  0x00, 0x00, 0x00, 0x00, 0x00, 0x00, 0x00, 0x00, 0x08, 0xed, 0x00, 0xe0,
  0x00, 0xf0, 0x01, 0xb8, 0xfe, 0xe7, 0xaf, 0xf3, 0x00, 0x80, 0x00, 0xf0,
  0x03, 0xf8, 0x00, 0xf0, 0x13, 0xf8, 0x00, 0x00, 0x4e, 0xf6, 0x88, 0x51,
  0xce, 0xf2, 0x00, 0x01, 0x08, 0x68, 0x40, 0xf4, 0x70, 0x00, 0x08, 0x60,
  0xbf, 0xf3, 0x4f, 0x8f, 0xbf, 0xf3, 0x6f, 0x8f, 0x4f, 0xf0, 0x00, 0x70,
  0xe1, 0xee, 0x10, 0x0a, 0x70, 0x47, 0x00, 0x00, 0xff, 0xf7, 0xd0, 0xff,
  0x00, 0x28, 0x01, 0xd0, 0x00, 0xf0, 0x0a, 0xf8, 0xaf, 0xf3, 0x00, 0x80,
  0x00, 0x20, 0xaf, 0xf3, 0x00, 0x80, 0xff, 0xf7, 0x21, 0xff, 0x00, 0xf0,
  0x15, 0xf8, 0x00, 0x00, 0x10, 0xb5, 0x07, 0x49, 0x79, 0x44, 0x18, 0x31,
  0x06, 0x4c, 0x7c, 0x44, 0x16, 0x34, 0x04, 0xe0, 0x0a, 0x68, 0x08, 0x1d,
  0x11, 0x44, 0x88, 0x47, 0x01, 0x46, 0xa1, 0x42, 0xf8, 0xd1, 0x10, 0xbd,
  0x18, 0x00, 0x00, 0x00, 0x74, 0x00, 0x00, 0x00, 0x00, 0xf0, 0x00, 0xb8,
  0x07, 0x46, 0x38, 0x46, 0xff, 0xf7, 0xf0, 0xfe, 0xfb, 0xe7, 0x00, 0x00,
  0x6f, 0xa7, 0xff, 0xff, 0xb0, 0x0a, 0x00, 0x00, 0x00, 0x01, 0x00, 0x20,
  0xd0, 0x33, 0x00, 0x00, 0x30, 0x0c, 0x00, 0x20, 0x48, 0x0b, 0x00, 0x00,
  0xa0, 0x35, 0x01, 0x20, 0x30, 0x05, 0x00, 0x00, 0xd0, 0x41, 0x00, 0x20,
  0x00, 0x00, 0x00, 0x00, 0x11, 0xfd, 0xff, 0xff, 0x02, 0x00, 0x00, 0x00,
  0x02, 0x00, 0x00, 0x00, 0x2c, 0x00, 0x00, 0x00, 0xe1, 0x00, 0x00, 0x00,
  0x00, 0x00, 0x00, 0x20, 0x00, 0x01, 0x00, 0x00, 0xf5, 0xfc, 0xff, 0xff,
  0x02, 0x00, 0x00, 0x00, 0x02, 0x00, 0x00, 0x00, 0xf1, 0x00, 0x00, 0x00,
  0xf2, 0x00, 0x00, 0x00, 0x00, 0x40, 0x00, 0x20, 0xcc, 0x01, 0x00, 0x00,
  0x17, 0x0b, 0x0b, 0x1d, 0x1d, 0x2d, 0x2d, 0x3d, 0x3d, 0x4b, 0x4b, 0x57,
  0x57, 0x62, 0x62, 0x6a, 0x6a, 0x71, 0x71, 0x76, 0x76, 0x7a, 0x7a, 0x7c,
  0x7c, 0xfc, 0x7e, 0xf8, 0x7f, 0xfc, 0x7e, 0x33, 0x7c, 0x7c, 0x7a, 0x7a,
  0x76, 0x76, 0x71, 0x71, 0x6a, 0x6a, 0x61, 0x61, 0x57, 0x57, 0x4a, 0x4a,
  0x3c, 0x3c, 0x2c, 0x2c, 0x1c, 0x1c, 0x0b, 0x0b, 0xf6, 0xf6, 0xe6, 0xe6,
  0xd5, 0xd5, 0xc5, 0xc5, 0xb7, 0xb7, 0xaa, 0xaa, 0xa0, 0xa0, 0x97, 0x97,
  0x90, 0x90, 0x8a, 0x8a, 0x87, 0x87, 0x84, 0x84, 0x83, 0x83, 0x82, 0x82,
  0xf8, 0x81, 0xfc, 0x82, 0x2f, 0x84, 0x84, 0x86, 0x86, 0x89, 0x89, 0x8e,
  0x8e, 0x95, 0x95, 0x9d, 0x9d, 0xa7, 0xa7, 0xb3, 0xb3, 0xc1, 0xc1, 0xd0,
  0xd0, 0xe1, 0xe1, 0xf2, 0xf2, 0x0b, 0x0b, 0x1d, 0x1d, 0x2d, 0x2d, 0x3d,
  0x3d, 0x4b, 0x4b, 0x57, 0x57, 0x62, 0x62, 0x6a, 0x6a, 0x71, 0x71, 0x76,
  0x76, 0x7a, 0x7a, 0x7c, 0x7c, 0xfc, 0x7e, 0xf8, 0x7f, 0xfc, 0x7e, 0x33,
  0x7c, 0x7c, 0x7a, 0x7a, 0x76, 0x76, 0x71, 0x71, 0x6a, 0x6a, 0x61, 0x61,
  0x57, 0x57, 0x4a, 0x4a, 0x3c, 0x3c, 0x2c, 0x2c, 0x1c, 0x1c, 0x0b, 0x0b,
  0xf6, 0xf6, 0xe6, 0xe6, 0xd5, 0xd5, 0xc5, 0xc5, 0xb7, 0xb7, 0xaa, 0xaa,
  0xa0, 0xa0, 0x97, 0x97, 0x90, 0x90, 0x8a, 0x8a, 0x87, 0x87, 0x84, 0x84,
  0x83, 0x83, 0x82, 0x82, 0xf8, 0x81, 0xfc, 0x82, 0x17, 0x84, 0x84, 0x86,
  0x86, 0x89, 0x89, 0x8e, 0x8e, 0x95, 0x95, 0x9d, 0x9d, 0xa7, 0xa7, 0xb3,
  0xb3, 0xc1, 0xc1, 0xd0, 0xd0, 0xe1, 0xe1, 0xf2, 0xf2, 0x0c, 0x44, 0x01,
  0x00, 0x00, 0x25, 0x01, 0x00, 0x00, 0x0b, 0x01, 0x00, 0x00, 0xf2, 0xfd,
  0x00, 0x00, 0xda, 0xfd, 0x00, 0x00, 0xc2, 0xfd, 0x00, 0x00, 0xac, 0xfd,
  0x00, 0x00, 0x99, 0xfd, 0x00, 0x1d, 0x80, 0x09, 0x00, 0x00, 0x7c, 0x08,
  0x00, 0x00, 0x8c, 0x07, 0x00, 0x00, 0xb2, 0x06, 0x00, 0x00, 0xeb, 0x05,
  0x00, 0x00, 0x3e, 0x05, 0x00, 0x00, 0xa5, 0x04, 0x00, 0x00, 0x1c, 0x04,
  0xde, 0x00, 0x04, 0x12, 0x01, 0x00, 0x00, 0xf7, 0xfd, 0x00, 0x00, 0xe1,
  0xfd, 0x00, 0x00, 0xcd, 0xfd, 0x00, 0x00, 0xb8, 0xfd, 0x00, 0x00, 0xa4,
  0xfd, 0x00, 0x00, 0x92, 0xfd, 0x00, 0x00, 0x82, 0x9d, 0x00, 0x1d, 0xcb,
  0x15, 0x00, 0x00, 0x6c, 0x13, 0x00, 0x00, 0x3e, 0x11, 0x00, 0x00, 0x50,
  0x0f, 0x00, 0x00, 0x95, 0x0d, 0x00, 0x00, 0x07, 0x0c, 0x00, 0x00, 0xb2,
  0x0a, 0x00, 0x00, 0x81, 0x09, 0xfa, 0x00, 0x0d, 0x20, 0x21, 0x00, 0x00,
  0x3f, 0x07, 0x00, 0x00, 0x3f, 0x3f, 0x00, 0x00, 0x33, 0x03, 0xfa, 0x00,
  0x03, 0xff, 0x00, 0xff, 0xff, 0xfc, 0x17, 0x04, 0x20, 0x20, 0x00, 0x00,
  0x44, 0xfd, 0x00, 0x05, 0x01, 0x00, 0xd2, 0x0f, 0x55, 0x03, 0xfb, 0x00,
  0x06, 0x0f, 0xf0, 0x20, 0x10, 0x00, 0x55, 0x03, 0xfb, 0x00, 0x14, 0x0f,
  0xff, 0x20, 0x10, 0x00, 0x19, 0x00, 0x0c, 0x00, 0x32, 0x00, 0xe4, 0x00,
  0xe4, 0x00, 0x72, 0x00, 0x00, 0x01, 0x00, 0x08, 0xbc, 0x00, 0x00, 0x0f,
  0xfa, 0x00, 0x00, 0xf0, 0xfd, 0x00, 0x03, 0x0f, 0x00, 0x00, 0xf0, 0xfd,
  0x00, 0x03, 0x0f, 0x00, 0x00, 0xf0, 0xfd, 0x00, 0x03, 0x0f, 0x00, 0x00,
  0xf0, 0xf0, 0x00, 0x06, 0x40, 0x60, 0x70, 0x78, 0x7c, 0x7e, 0x7f,
};
static const uint32_t plc_phy_mm_length = 28031UL;
static const FirmwareImage PLC_PHY_MM_IMAGE = {
  plc_phy_mm, plc_phy_mm_length, Protocol::MetersAndMore, Band::CenelecA, PL460::kPhyRuntimeKey,
  "PLC_PHY_MM", readFirmwareByte
};

}  // namespace pl460
